timestamp_ms,ax,ay,az,gx,gy,gz,label
0,0.0248,0.0333,1.0229,2.073,-1.151,-0.926,upright
20,-0.0277,-0.0261,1.0355,0.495,-1.327,-1.241,upright
40,0.0375,-0.0336,0.9846,0.751,1.896,1.97,upright
60,-0.0122,-0.0382,0.967,0.633,0.323,1.816,upright
80,0.0295,0.0331,0.9694,-1.63,0.015,0.659,upright
100,-0.0178,0.0397,0.9503,-0.155,-1.373,0.635,upright
120,0.0211,-0.01,1.0106,1.928,-1.083,-1.174,upright
140,-0.0233,-0.0115,0.9693,-2.742,0.973,-1.908,upright
160,-0.0638,0.0136,0.9602,0.686,1.541,-1.673,upright
180,-0.0296,0.0313,0.9462,-1.963,-1.326,-1.294,upright
200,0.0458,-0.006,0.9432,2.105,0.865,-0.317,upright
220,0.0637,0.0261,1.0219,-0.993,-0.068,2.277,upright
240,0.0306,-0.0076,0.9581,0.712,0.283,1.527,upright
260,0.0335,0.0268,1.0015,0.61,-0.656,0.549,upright
280,0.0255,0.0116,0.9772,0.649,-0.211,-1.537,upright
300,0.0145,0.0193,0.9856,2.366,0.503,1.601,upright
320,0.034,-0.0529,0.9439,0.676,-0.673,-0.839,upright
340,0.0303,0.0101,1.0074,-1.443,2.051,-3.348,upright
360,0.0452,-0.0164,1.0241,0.058,0.421,2.129,upright
380,-0.0039,-0.0646,0.9789,-3.651,-1.101,-1.299,upright
400,0.0293,-0.0205,1.0086,-2.38,0.355,-0.393,upright
420,0.045,0.068,1.0206,1.28,-1.381,-1.027,upright
440,0.0721,-0.0515,0.9913,0.677,1.417,-0.844,upright
460,0.0184,0.0164,1.0396,0.113,-0.37,1.876,upright
480,0.0493,-0.0158,1.0107,-0.161,0.127,-2.511,upright
500,0.0263,-0.0019,0.9618,-0.08,-1.381,-0.98,upright
520,0.01,0.0641,1.0336,-1.618,1.842,-0.483,upright
540,0.0601,0.0221,1.0395,1.531,-0.607,-0.821,upright
560,0.0262,0.0092,1.0368,3.715,0.43,3.084,upright
580,0.038,0.0204,0.9722,0.245,1.084,-0.247,upright
600,-0.0003,0.0021,1.0356,1.454,-0.921,1.469,upright
620,0.0154,-0.0121,1.0431,0.768,0.289,-0.011,upright
640,-0.0727,0.0287,1.0451,-3.921,-3.939,-0.731,upright
660,0.0518,0.0117,1.0172,-1.22,-1.525,0.597,upright
680,-0.0202,0.0377,1.0214,-0.185,-1.191,2.431,upright
700,0.0176,-0.055,0.9723,-3.029,1.194,-1.759,upright
720,0.0168,0.0124,1.0378,-2.284,0.914,-0.742,upright
740,0.0142,-0.0691,1.0018,0.316,0.484,0.936,upright
760,-0.0048,-0.0504,1.0192,-2.082,3.98,-0.544,upright
780,-0.0443,0.0252,0.9956,-1.103,-0.789,-0.468,upright
800,-0.0262,0.0323,1.0371,0.116,-1.125,0.481,upright
820,0.0513,0.0144,0.9932,0.588,-1.842,1.313,upright
840,0.0634,0.0252,1.0293,0.845,-1.98,2.201,upright
860,0.0551,-0.0306,0.9927,1.278,0.811,-1.597,upright
880,-0.0156,-0.0361,1.0106,1.38,1.293,-0.381,upright
900,0.0256,-0.0142,1.0353,0.157,-0.417,1.975,upright
920,0.016,-0.0084,0.971,0.006,2.402,-1.612,upright
940,0.0512,-0.0327,0.9762,1.71,-1.382,-0.393,upright
960,0.0027,0.042,1.0178,-0.677,-0.543,0.693,upright
980,-0.0069,0.0223,1.0359,1.198,-1.512,2.261,upright
1000,0.0142,0.0488,1.0181,-0.116,-2.744,2.912,upright
1020,-0.0108,0.0153,1.0321,2.317,-1.416,2.741,upright
1040,-0.0073,-0.0067,1.0644,-0.147,-0.016,-2.034,upright
1060,0.0112,-0.0729,1.0073,1.054,0.121,-1.555,upright
1080,0.0651,-0.0053,0.9825,-0.119,-1.552,-1.316,upright
1100,-0.038,-0.0252,0.9373,0.447,-0.733,-0.5,upright
1120,0.0146,-0.0165,1.0569,-1.918,0.338,0.947,upright
1140,-0.004,-0.0317,0.9647,1.772,-0.406,0.682,upright
1160,-0.0535,-0.0194,1.0138,-0.177,-0.033,-1.327,upright
1180,0.0332,-0.0054,1.0215,0.808,-0.928,-0.09,upright
1200,0.0062,-0.0266,0.9989,-1.09,-2.199,0.122,upright
1220,0.0085,0.0239,1.016,-1.27,-1.208,1.694,upright
1240,-0.0208,-0.0559,0.946,-1.168,2.683,-2.138,upright
1260,0.0402,-0.0224,0.9901,-1.404,2.662,2.103,upright
1280,-0.0246,0.014,0.952,-0.763,0.355,-0.648,upright
1300,0.0129,-0.0698,1.0709,-0.489,-2.83,-1.373,upright
1320,-0.0522,-0.0315,1.029,-0.093,1.782,1.751,upright
1340,0.056,-0.0247,0.9681,0.382,2.076,2.068,upright
1360,-0.0072,0.0152,1.0557,2.068,-2.297,1.345,upright
1380,0.025,0.0147,0.9987,-2.577,0.631,1.598,upright
1400,0.0185,-0.0613,1.0331,1.113,1.605,-1.333,upright
1420,-0.0024,-0.0246,0.995,0.012,0.578,-1.842,upright
1440,0.0212,0.0648,1.0019,0.381,-0.097,-0.604,upright
1460,-0.0186,-0.0137,1.0485,0.348,-1.667,-1.439,upright
1480,-0.0228,-0.0461,1.0141,1.41,-2.518,-1.647,upright
1500,-0.0326,-0.0275,1.0245,-2.621,0.001,0.955,upright
1520,0.0485,0.0022,1.0094,1.915,-2.169,-0.354,upright
1540,0.0276,-0.0166,1.015,1.405,0.583,1.352,upright
1560,-0.0164,-0.0435,0.9586,-2.159,1.142,-0.015,upright
1580,-0.0274,-0.0413,1.0917,0.787,-1.806,1.329,upright
1600,-0.0111,0.0312,1.0581,2.654,0.562,0.152,upright
1620,-0.0215,-0.0389,0.9685,3.201,-0.517,-1.553,upright
1640,-0.0332,-0.0685,1.0198,-1.026,0.162,-1.047,upright
1660,-0.0882,0.062,0.9972,-1.511,-1.548,-0.436,upright
1680,-0.0271,-0.0352,0.9701,0.455,1.991,-1.877,upright
1700,-0.0165,0.0302,1.0393,-1.421,-1.701,-1.254,upright
1720,-0.0067,0.0371,0.9993,-1.617,-1.341,0.86,upright
1740,-0.0358,-0.0123,1.0048,-0.495,0.268,-1.81,upright
1760,-0.0191,0.0228,0.9978,0.885,1.211,-0.054,upright
1780,0.0186,0.0222,1.0244,-0.187,0.233,1.975,upright
1800,-0.0349,0.0296,0.9041,-2.353,-1.02,0.994,upright
1820,-0.0299,-0.0377,1.0229,-1.12,-1.178,-1.35,upright
1840,-0.0475,-0.0211,1.0081,0.657,-4.901,3.702,upright
1860,-0.0552,-0.0021,0.9509,0.83,-0.908,1.183,upright
1880,-0.04,0.0336,0.9596,0.264,1.264,-0.538,upright
1900,-0.0864,-0.0662,0.9972,-2.885,0.379,-0.917,upright
1920,-0.0384,-0.0205,0.9904,0.619,0.665,-3.329,upright
1940,0.001,-0.0245,1.0472,-1.326,-2.019,-1.797,upright
1960,-0.0189,-0.0045,0.9684,-1.493,-1.726,2.112,upright
1980,-0.0204,-0.0131,0.9969,0.131,-0.513,0.516,upright
2000,0.0061,0.0003,0.9961,-0.91,0.946,-0.183,upright
2020,-0.0075,-0.0209,1.0254,-1.255,0.88,-1.37,upright
2040,-0.0302,0.0614,1.0156,0.1,1.229,1.478,upright
2060,-0.0168,-0.0225,0.9488,-1.432,2.545,0.08,upright
2080,-0.0131,0.0053,0.9703,0.063,-1.685,1.31,upright
2100,0.0235,0.0038,1.0437,2.856,-1.025,0.174,upright
2120,-0.0472,-0.0047,1.0458,1.101,-2.613,1.224,upright
2140,-0.0131,-0.056,1.024,-0.37,-1.791,-0.775,upright
2160,-0.0521,-0.0335,1.0037,-2.168,-1.494,-1.134,upright
2180,0.0002,0.0186,1.0296,1.381,-0.842,-0.658,upright
2200,-0.0575,0.0417,1.0207,1.545,-1.688,-0.131,upright
2220,-0.0295,0.0723,0.9671,-0.664,0.37,0.195,upright
2240,-0.0357,0.0045,0.9811,-2.158,1.359,0.543,upright
2260,-0.0281,0.0403,0.9455,-1.212,1.66,0.42,upright
2280,-0.0136,-0.0179,1.0316,0.408,0.045,0.453,upright
2300,0.0186,-0.0401,0.9708,-2.67,-0.153,-1.612,upright
2320,-0.003,-0.0689,1.0575,-1.032,0.989,-3.813,upright
2340,0.0313,-0.0146,0.9596,1.11,0.659,-0.104,upright
2360,-0.0224,0.0066,1.0308,1.203,0.27,0.646,upright
2380,-0.0399,-0.0185,0.9932,0.009,1.242,1.394,upright
2400,0.0077,0.0056,0.9605,3.032,0.298,-3.121,upright
2420,-0.0018,-0.0137,0.9924,-2.202,0.468,-0.245,upright
2440,0.0037,0.014,0.9758,0.631,-0.368,2.564,upright
2460,0.0626,-0.0273,1.016,0.421,-2.436,0.836,upright
2480,0.0027,-0.0571,1.0272,1.354,2.167,0.738,upright
2500,0.0119,-0.0229,0.9915,0.399,0.983,-0.953,upright
2520,-0.0051,0.0289,1.0495,3.782,1.731,-0.732,upright
2540,-0.0265,0.0206,1.0073,-0.155,0.421,2.21,upright
2560,-0.0112,0.0325,1.0261,0.904,2.109,-0.961,upright
2580,-0.045,-0.033,1.0212,2.1,1.41,-0.327,upright
2600,0.0451,0.004,1.0126,-0.372,-0.36,2.315,upright
2620,-0.0863,-0.0167,0.9728,-0.441,-1.092,1.359,upright
2640,0.0164,-0.0496,0.9728,0.541,-0.725,-0.628,upright
2660,-0.0204,0.0023,1.045,0.258,1.07,0.662,upright
2680,-0.0402,-0.0358,0.9525,-2.923,2.68,0.37,upright
2700,0.0059,-0.0469,1.0109,-0.141,3.218,1.857,upright
2720,0.0212,-0.0096,0.9406,0.721,-0.312,-0.205,upright
2740,0.0225,0.0557,1.0137,1.017,0.417,-0.859,upright
2760,-0.0042,-0.0094,1.0185,1.655,0.293,-1.461,upright
2780,0.0138,0.047,0.9991,-0.251,-0.861,-1.608,upright
2800,0.0537,-0.0034,0.9911,-0.391,-0.478,0.06,upright
2820,0.0309,0.0312,1.0482,-3.103,0.928,-1.496,upright
2840,-0.0293,0.0147,0.996,0.251,-0.061,-3.636,upright
2860,0.0479,-0.0278,1.0061,-0.95,0.274,3.009,upright
2880,-0.0056,-0.0021,0.9718,-1.944,0.577,-0.512,upright
2900,0.0051,0.0341,1.0477,-3.719,1.072,0.807,upright
2920,-0.0427,0.035,0.9856,-1.066,-0.866,-0.468,upright
2940,0.0378,-0.0238,0.9505,-1.036,-0.558,-0.046,upright
2960,0.0154,0.0035,0.9216,1.884,0.379,-4.058,upright
2980,0.0461,0.036,1.0066,-1.592,0.289,-0.623,upright
3000,0.0811,-0.0434,1.0034,0.556,1.348,-1.457,upright
3020,0.0569,-0.0035,1.0029,1.178,-0.702,-1.177,upright
3040,0.0709,-0.0061,0.9466,-1.445,0.454,-1.406,upright
3060,-0.0052,-0.0198,1.0143,0.202,-0.035,0.361,upright
3080,0.0441,-0.026,1.0001,0.654,-0.678,-1.418,upright
3100,0.0472,-0.032,1.0647,2.279,1.052,-0.95,upright
3120,0.0321,-0.0407,1.0177,0.66,-0.823,1.75,upright
3140,-0.0188,-0.0008,1.0281,0.267,0.996,1.088,upright
3160,0.0337,-0.0003,1.0305,0.115,-0.459,0.428,upright
3180,0.0543,-0.0416,1.0198,-1.92,-1.928,-0.119,upright
3200,0.0226,0.0059,1.0619,-0.818,-0.326,1.807,upright
3220,0.0611,0.0375,1.0684,-2.423,3.387,2.238,upright
3240,0.0595,0.0304,1.0185,-0.194,-2.248,-1.528,upright
3260,0.0344,-0.0536,0.9824,-1.555,-2.474,-0.602,upright
3280,0.0185,-0.0444,1.0164,-0.874,-0.77,1.306,upright
3300,0.0147,0.0472,1.0716,0.33,1.202,1.823,upright
3320,0.0171,-0.0241,1.0853,0.928,1.512,-0.912,upright
3340,0.0207,0.0346,0.9883,-0.494,-1.744,-1.531,upright
3360,0.0229,0.0273,0.9817,0.817,-0.725,0.304,upright
3380,-0.0133,0.0526,0.9843,-1.447,0.94,0.994,upright
3400,0.0087,-0.0333,1.0032,-2.297,-2.308,0.017,upright
3420,-0.0121,-0.0004,1.0487,-0.187,-0.147,0.135,upright
3440,-0.0117,0.0059,1.0545,-2.701,-0.084,-0.364,upright
3460,0.0056,-0.0181,0.9483,-1.047,3.719,1.556,upright
3480,0.0291,-0.0271,0.9729,-0.26,2.008,-3.324,upright
3500,-0.0389,0.011,1.0131,0.499,0.825,-0.419,upright
3520,0.0076,-0.0485,1.053,1.15,-1.645,-0.652,upright
3540,0.004,-0.0298,1.0264,-1.436,0.246,-1.565,upright
3560,-0.0138,0.0134,1.0232,2.783,-2.914,-1.83,upright
3580,-0.0241,-0.0386,0.9684,-0.784,0.47,-0.614,upright
3600,0.0053,-0.0028,1.0582,2.985,2.696,0.392,upright
3620,0.0537,-0.0018,1.0171,-0.122,-0.395,-2.034,upright
3640,-0.0055,-0.0004,1.0499,1.055,1.083,2.008,upright
3660,0.0319,0.034,1.0748,1.374,-0.44,-0.982,upright
3680,0.0218,-0.0033,0.9605,0.273,1.403,1.819,upright
3700,-0.002,0.0538,1.0682,-0.616,1.321,1.117,upright
3720,-0.0005,-0.0075,1.0516,0.299,-0.289,-0.942,upright
3740,-0.0023,-0.0544,0.9913,1.853,0.05,-0.523,upright
3760,-0.0162,-0.0755,1.0928,-0.516,1.33,-3.277,upright
3780,-0.0193,0.0166,1.0043,-1.072,-0.107,2.059,upright
3800,-0.0572,0.0401,1.0178,1.07,0.963,-0.834,upright
3820,-0.0085,-0.0357,1.0161,-0.277,-1.321,-0.066,upright
3840,-0.0198,-0.07,0.9702,-3.618,0.935,-1.386,upright
3860,-0.0047,0.0098,0.9806,0.952,-3.277,-2.394,upright
3880,-0.0251,-0.0031,1.0149,-1.211,-1.032,-1.98,upright
3900,-0.0147,-0.0108,1.0397,1.431,-2.14,0.403,upright
3920,0.0142,-0.0159,0.9642,1.625,0.76,1.631,upright
3940,0.0347,0.0267,0.9971,1.036,-2.585,0.332,upright
3960,-0.0295,-0.0233,1.0252,0.987,1.695,0.093,upright
3980,0.0259,0.0271,1.0196,-1.024,1.985,-0.407,upright
4000,-0.0468,0.0124,1.0151,-2.354,2.885,-1.878,upright
4020,0.0093,0.0606,1.0238,-0.784,-0.902,-1.361,upright
4040,-0.0317,0.0267,1.0276,-0.222,2.644,0.738,upright
4060,-0.0126,0.0055,1.0047,0.987,-0.618,-0.303,upright
4080,0.0228,-0.0298,1.0638,-0.816,2.575,-2.545,upright
4100,-0.0426,0.0516,0.943,1.981,2.065,0.493,upright
4120,-0.0746,0.0045,1.0115,2.289,-2.295,3.783,upright
4140,-0.0458,-0.0033,1.0267,-1.746,-1.241,-1.823,upright
4160,-0.0604,-0.0217,0.9989,-2.368,2.178,0.389,upright
4180,0.0299,-0.0005,0.9862,-0.315,-1.612,-0.033,upright
4200,-0.0058,0.0226,0.9985,0.332,-2.674,0.293,upright
4220,-0.0695,-0.0472,1.0367,-1.094,0.159,0.35,upright
4240,-0.0289,-0.0065,0.9695,-2.52,-0.668,0.951,upright
4260,0.0042,0.0804,0.9746,0.555,-2.05,-0.948,upright
4280,-0.0558,0.0179,1.0127,0.655,-1.078,1.736,upright
4300,-0.0449,0.0022,0.995,0.361,-1.032,-2.787,upright
4320,-0.0281,-0.0493,0.9977,1.314,-0.818,0.289,upright
4340,0.0314,0.0208,0.9419,-0.278,-0.07,-1.515,upright
4360,-0.0088,0.0204,0.9562,-0.011,-0.505,1.315,upright
4380,-0.0197,0.0273,0.9793,1.399,2.532,0.689,upright
4400,-0.0124,-0.0399,1.0033,-1.952,-3.192,0.048,upright
4420,0.042,-0.028,1.0265,-0.139,-1.573,2.034,upright
4440,-0.0405,0.0249,0.9581,1.69,-0.008,0.259,upright
4460,0.0144,-0.0214,1.0206,-0.55,0.472,0.064,upright
4480,-0.0462,0.003,1.0391,2.881,1.066,-0.224,upright
4500,0.0148,-0.0687,0.9847,-0.754,1.175,0.647,upright
4520,0.0428,0.0216,0.9747,-1.701,1.223,-0.683,upright
4540,0.0048,0.0432,1.0033,1.561,3.713,-2.017,upright
4560,-0.0358,0.0225,0.9734,0.089,0.706,0.093,upright
4580,-0.0486,0.0122,1.0139,-0.301,0.185,0.266,upright
4600,-0.0211,0.0142,0.9764,-0.65,1.095,-0.501,upright
4620,-0.0482,0.0079,0.9986,-1.094,2.506,0.692,upright
4640,-0.0098,0.0439,0.9877,-1.83,-0.74,-0.991,upright
4660,-0.0007,-0.017,1.0242,-0.556,-1.09,-1.352,upright
4680,-0.0201,0.0195,0.9125,-0.288,-2.494,0.551,upright
4700,0.005,-0.0146,0.9851,-0.21,2.061,-1.434,upright
4720,0.0069,0.0619,0.9951,-1.966,-1.594,-0.981,upright
4740,-0.0034,-0.0287,0.9825,1.093,2.495,1.964,upright
4760,-0.0136,0.0165,0.9803,0.629,0.561,-0.634,upright
4780,-0.0063,-0.042,1.0242,0.35,0.755,-1.884,upright
4800,-0.0554,0.0063,1.0732,-0.838,-0.61,0.857,upright
4820,-0.0181,-0.0367,1.0515,-1.883,0.174,-0.26,upright
4840,-0.0304,0.0578,1.0124,-0.343,3.662,0.092,upright
4860,0.0311,0.0268,1.0277,-1.87,-1.304,1.085,upright
4880,-0.0039,0.0085,1.0141,0.131,0.644,-0.281,upright
4900,0.0123,-0.0161,0.978,-1.946,0.128,0.34,upright
4920,0.012,0.0464,0.9804,0.282,-1.126,1.288,upright
4940,0.0303,-0.0036,0.9994,-0.291,1.439,-1.094,upright
4960,-0.0307,0.0545,1.006,0.445,2.318,-2.191,upright
4980,-0.0041,0.0254,0.9892,-1.086,-0.932,-0.094,upright
5000,0.0158,-0.0142,0.9423,-0.136,1.358,-1.719,upright
5020,-0.0001,0.0126,0.9651,-0.828,-0.258,-1.739,upright
5040,-0.0345,-0.0207,1.0433,-2.093,2.997,1.218,upright
5060,-0.0094,0.0128,1.0211,0.436,-1.386,0.633,upright
5080,-0.0452,-0.032,1.0117,-0.638,2.195,0.843,upright
5100,-0.0048,-0.0472,0.9931,1.452,1.283,-0.964,upright
5120,-0.0231,0.028,1.0075,-1.187,-2.74,0.827,upright
5140,-0.0023,-0.0127,0.9739,-1.126,-1.75,0.795,upright
5160,0.0435,0.0283,1.0222,0.158,-0.835,0.01,upright
5180,-0.0026,0.002,0.9167,-1.571,3.977,1.223,upright
5200,-0.0139,-0.0444,1.0141,0.691,-2.387,-0.777,upright
5220,0.0175,0.0046,1.046,-1.068,0.012,-0.031,upright
5240,0.0403,0.0271,1.0154,-0.742,-0.083,-2.383,upright
5260,-0.0224,-0.0219,0.9628,0.402,-1.019,-0.827,upright
5280,-0.0323,-0.0426,1.0095,0.762,1.925,-1.82,upright
5300,0.015,0.0207,1.0173,-0.583,0.776,0.197,upright
5320,0.0543,0.0834,1.0308,-0.531,-3.661,-1.936,upright
5340,0.0337,0.0169,0.9648,2.49,1.259,-2.765,upright
5360,0.0212,-0.0094,0.9746,0.584,4.12,0.173,upright
5380,0.013,0.0178,0.9918,-0.003,-1.722,-0.515,upright
5400,0.0385,-0.0174,1.0344,0.285,1.436,-1.658,upright
5420,0.0133,-0.0331,0.9873,1.442,-1.643,-1.176,upright
5440,0.0025,0.0458,0.9407,0.497,1.22,-1.178,upright
5460,0.0032,0.0355,0.9712,1.461,-0.67,0.789,upright
5480,0.0356,0.0097,1.0265,0.518,-0.186,-0.882,upright
5500,0.0527,-0.0088,1.0178,-4.125,0.714,-2.002,upright
5520,0.037,0.0321,0.9561,-0.979,1.221,-0.443,upright
5540,-0.0444,0.0252,0.9997,-0.766,-0.034,2.037,upright
5560,0.0608,-0.0079,0.9361,-0.439,2.078,-2.713,upright
5580,-0.0188,-0.0208,0.9745,-0.511,-0.648,0.238,upright
5600,0.0284,-0.0491,0.9989,0.224,-0.851,-0.745,upright
5620,0.026,0.0086,0.9952,0.504,-1.744,2.318,upright
5640,0.0403,-0.055,1.0116,-1.514,-2.721,1.946,upright
5660,-0.0175,0.0159,1.0373,0.536,2.211,0.795,upright
5680,-0.0124,-0.0176,0.9744,-0.687,-0.563,0.512,upright
5700,-0.0367,-0.037,0.9541,0.913,-1.784,-0.27,upright
5720,0.0364,-0.0257,0.975,3.534,-0.851,1.239,upright
5740,-0.0029,0.0202,0.9875,2.006,2.159,-2.073,upright
5760,0.1031,-0.0065,0.9983,-1.224,-0.672,-1.722,upright
5780,0.0014,-0.0049,0.9728,0.568,-2.034,1.109,upright
5800,-0.0007,0.0172,0.9694,1.625,0.979,0.006,upright
5820,0.0214,-0.0185,0.9725,1.208,-2.244,-0.328,upright
5840,-0.0154,0.0068,0.9902,1.061,0.592,0.048,upright
5860,0.0186,0.0023,1.0369,-1.534,-1.346,-1.099,upright
5880,0.0351,0.0002,0.9744,-2.177,-2.775,0.242,upright
5900,0.0494,0.0162,1.0216,2.184,-1.293,-0.982,upright
5920,0.0255,0.0098,0.9804,0.933,0.236,1.216,upright
5940,0.0496,-0.0339,1.0459,-0.888,0.859,0.197,upright
5960,0.0173,0.0274,1.011,-1.499,2.175,-0.362,upright
5980,0.0165,-0.0516,1.0241,2.618,1.489,-0.357,upright
6000,0.021,-0.0822,1.0322,-0.871,-2.361,0.629,upright
6020,0.031,0.0102,1.0111,1.513,2.938,0.485,upright
6040,0.0141,-0.0022,0.9907,1.1,-0.838,-1.088,upright
6060,-0.0021,0.0263,1.001,-0.342,-0.461,0.927,upright
6080,-0.0085,-0.0626,0.9768,1.146,0.515,-2.223,upright
6100,0.0241,-0.0229,1.0322,1.183,0.411,3.28,upright
6120,0.0297,-0.0011,0.998,0.027,2.054,-1.297,upright
6140,-0.0351,0.0129,0.9676,-0.952,1.534,-2.21,upright
6160,-0.0115,0.004,1.0285,0.702,-1.0,-0.996,upright
6180,-0.0164,0.0429,0.9882,1.062,0.615,-0.126,upright
6200,-0.0059,0.0408,0.9926,3.311,-0.187,1.07,upright
6220,-0.0257,0.0141,1.0272,1.355,-0.218,2.28,upright
6240,0.02,-0.003,0.9689,2.363,-0.436,1.683,upright
6260,0.0005,0.0292,1.0301,-0.163,0.673,1.613,upright
6280,0.0372,0.0214,1.0012,-0.302,-0.199,0.638,upright
6300,0.0079,0.0042,1.006,1.016,-0.248,0.829,upright
6320,-0.0185,0.0232,1.0634,-2.064,0.125,-0.015,upright
6340,0.0185,0.034,1.0759,-1.714,0.681,-0.437,upright
6360,0.0136,0.0161,1.0297,-2.257,-1.217,-1.387,upright
6380,-0.0078,0.0132,0.9654,-0.948,-0.104,-0.743,upright
6400,-0.0042,-0.0069,0.9868,-1.292,-1.633,-2.597,upright
6420,-0.0165,-0.048,0.9927,-1.516,-1.146,2.111,upright
6440,0.0455,0.0192,1.0255,1.236,0.468,-1.196,upright
6460,0.0036,-0.0353,1.0189,1.043,0.063,-0.376,upright
6480,-0.0455,0.045,1.0345,1.02,2.956,1.884,upright
6500,0.0088,-0.0198,1.018,1.76,0.988,-1.57,upright
6520,-0.0068,0.0239,0.9789,-0.178,0.723,1.288,upright
6540,0.0061,0.0194,0.9772,1.147,-0.18,-0.124,upright
6560,-0.0143,-0.004,0.9828,2.118,-0.627,-0.747,upright
6580,0.0066,0.0501,0.987,-0.44,-1.227,0.541,upright
6600,-0.0102,-0.0534,0.9896,1.513,2.624,0.008,upright
6620,-0.01,0.0269,1.0185,0.985,-0.285,-2.496,upright
6640,-0.0317,0.0101,1.0214,-0.025,1.71,2.028,upright
6660,-0.0229,0.0093,0.9778,2.573,2.842,-0.021,upright
6680,0.0496,-0.0456,0.9787,-1.818,1.225,0.394,upright
6700,-0.0235,-0.0212,0.9951,0.247,-3.485,0.849,upright
6720,-0.0658,0.0356,1.0067,0.184,0.939,0.903,upright
6740,-0.0447,-0.0131,0.9996,-0.06,-0.394,1.423,upright
6760,-0.0167,-0.0017,0.9735,0.075,-1.537,-0.555,upright
6780,-0.007,0.0128,0.9961,-0.893,-0.945,-0.835,upright
6800,-0.0127,-0.0182,0.9874,-1.547,-2.266,0.665,upright
6820,0.0293,0.0698,1.029,-0.941,-3.734,-2.497,upright
6840,-0.0229,0.0399,0.9744,-0.312,-0.775,-0.837,upright
6860,0.0259,-0.0083,1.0225,2.106,1.697,-1.386,upright
6880,-0.0414,0.04,1.0251,0.637,-1.858,3.202,upright
6900,-0.0052,0.0164,0.9756,4.038,1.066,-2.455,upright
6920,-0.0718,0.0383,0.984,0.884,1.062,0.889,upright
6940,0.0353,0.0277,0.9748,-2.115,-1.232,0.729,upright
6960,-0.0166,0.0566,1.0162,-0.496,1.29,-0.423,upright
6980,0.0259,-0.0299,0.9946,-0.455,-1.247,1.931,upright
7000,-0.0622,-0.0391,1.0024,-1.128,-0.688,0.1,upright
7020,0.0141,0.0119,1.0367,-1.342,1.881,-2.246,upright
7040,-0.0402,0.0275,0.9638,-0.609,-0.667,0.027,upright
7060,-0.031,-0.0192,1.0344,-0.237,-0.248,1.114,upright
7080,-0.0141,-0.014,1.0464,2.159,1.797,-2.616,upright
7100,0.0476,-0.0396,1.0162,1.489,2.494,0.342,upright
7120,0.0094,-0.0016,1.0204,1.653,-1.599,-0.371,upright
7140,0.0366,-0.0327,0.9845,-1.258,1.719,1.975,upright
7160,-0.0179,0.0383,0.9684,0.986,-1.074,-0.338,upright
7180,-0.0085,-0.0206,0.9773,2.88,1.085,-2.176,upright
7200,-0.0072,-0.0233,0.9489,-0.984,-0.815,-0.538,upright
7220,0.003,-0.0063,0.9763,-0.934,-0.266,0.552,upright
7240,-0.0532,0.0375,1.0052,1.708,-0.29,1.918,upright
7260,-0.0381,-0.0464,0.9518,-1.53,0.611,3.248,upright
7280,-0.0437,0.0693,0.9687,-1.479,-0.731,-0.941,upright
7300,0.0445,-0.0113,0.9866,1.451,-1.657,-1.561,upright
7320,-0.0435,0.0493,1.0268,0.624,2.515,-1.786,upright
7340,0.0456,0.0388,0.9998,-0.575,-0.603,-0.216,upright
7360,0.0055,-0.0042,1.0483,-0.336,-2.71,0.803,upright
7380,-0.0454,-0.0395,1.0304,2.508,-0.427,-0.319,upright
7400,-0.0398,-0.0334,1.0163,-0.016,-1.606,1.077,upright
7420,0.0152,0.0143,1.0077,-1.921,-1.261,-1.381,upright
7440,-0.0026,-0.0078,0.9624,-0.157,-0.664,-1.629,upright
7460,-0.0332,0.0345,1.0224,-1.078,-0.413,1.564,upright
7480,-0.0062,-0.0039,0.9717,-0.912,-2.373,-0.21,upright
7500,0.0029,-0.0108,1.0206,1.131,-0.924,-0.309,upright
7520,0.0321,-0.0351,1.0209,-0.273,-0.129,2.269,upright
7540,-0.0459,-0.0225,0.9409,-1.566,-1.583,-0.793,upright
7560,0.0025,0.0271,0.9915,0.282,-1.878,-0.082,upright
7580,0.0463,0.0278,1.0023,-1.056,4.259,0.283,upright
7600,0.0285,0.0448,1.0442,-1.137,-0.376,0.327,upright
7620,-0.0339,-0.0271,0.9854,2.136,-0.128,-0.418,upright
7640,0.0599,0.009,1.0332,-0.909,-1.563,3.407,upright
7660,-0.0181,-0.0041,1.066,-4.283,-1.343,-0.52,upright
7680,-0.0211,0.0191,1.0017,-0.47,-0.284,-0.397,upright
7700,0.0349,0.0138,1.0058,-1.354,-0.778,-0.883,upright
7720,0.0489,0.0032,1.0467,2.242,0.549,-0.972,upright
7740,0.0365,-0.0582,0.9538,0.384,-0.259,0.562,upright
7760,-0.036,-0.0177,0.9863,0.763,-1.721,1.09,upright
7780,0.0151,0.0375,0.9636,3.407,1.277,-2.368,upright
7800,0.0174,-0.0405,0.9737,3.486,1.569,-1.878,upright
7820,0.0069,-0.0152,0.9766,0.626,0.433,-1.627,upright
7840,0.0125,0.0155,1.0242,1.592,3.219,1.317,upright
7860,0.0395,-0.0373,0.9871,-0.782,1.105,-1.606,upright
7880,-0.0089,-0.0144,0.9953,0.069,0.725,-0.958,upright
7900,0.0409,-0.0111,1.0151,0.792,-1.312,1.135,upright
7920,-0.0032,0.0049,1.0126,1.095,0.038,1.0,upright
7940,0.0321,-0.0192,1.0228,0.211,0.536,0.131,upright
7960,-0.0127,0.0201,1.0147,-0.556,-0.753,2.294,upright
7980,0.0245,-0.0214,1.0107,1.228,-0.101,-1.81,upright
8000,0.026,-0.0005,1.0372,-0.173,-1.039,3.688,upright
8020,0.0065,0.0147,1.0042,0.108,-3.108,-1.452,upright
8040,-0.0252,-0.004,1.0006,0.17,2.285,-0.631,upright
8060,0.0215,-0.0321,0.9731,0.947,-0.177,1.11,upright
8080,0.016,0.0117,0.9508,-1.768,-0.417,0.597,upright
8100,-0.0371,0.056,0.9925,-0.304,-1.546,-0.151,upright
8120,-0.011,0.0132,0.9752,-0.494,-1.526,1.293,upright
8140,0.0216,0.0088,0.9741,2.133,-0.726,-1.852,upright
8160,0.0552,0.0255,1.0341,-0.908,0.184,-1.194,upright
8180,0.0043,0.0072,1.0268,0.656,-0.095,-1.274,upright
8200,0.0191,-0.0111,1.0245,-0.43,1.079,-1.559,upright
8220,-0.0085,-0.0106,1.0143,-0.837,-1.126,-1.528,upright
8240,0.0528,-0.0079,1.0285,-0.056,2.254,-0.297,upright
8260,0.0189,-0.0533,1.0395,3.698,-1.715,0.311,upright
8280,0.0393,-0.0217,1.0147,-0.746,-0.451,1.695,upright
8300,0.0245,0.028,0.9894,1.297,-1.13,0.806,upright
8320,0.0769,-0.0158,1.0597,2.166,0.404,1.969,upright
8340,0.0473,-0.0424,0.999,-0.948,-0.466,-1.093,upright
8360,0.015,0.0139,0.9878,1.016,1.861,-1.506,upright
8380,-0.0269,0.022,1.0087,1.958,2.664,0.191,upright
8400,0.0223,-0.0278,0.9836,-0.212,-2.766,0.554,upright
8420,0.0414,0.0374,0.995,-1.42,1.471,-0.946,upright
8440,0.0115,-0.0054,0.9963,-1.755,0.697,2.109,upright
8460,0.0303,0.0145,0.9798,0.655,0.238,-0.353,upright
8480,0.0316,0.0034,0.9915,-1.604,-2.013,0.332,upright
8500,0.025,-0.0379,1.012,1.015,-1.665,-0.772,upright
8520,0.0036,-0.014,1.0226,1.762,0.584,-3.131,upright
8540,0.0062,-0.0202,0.9432,-2.659,-1.537,-0.881,upright
8560,0.0171,-0.0344,0.9745,0.551,0.801,0.936,upright
8580,-0.0108,-0.0125,0.9715,0.465,1.661,0.623,upright
8600,-0.0162,-0.0228,1.0251,-0.845,-0.743,-0.414,upright
8620,0.0072,-0.016,1.048,-1.7,-0.429,-1.991,upright
8640,0.043,0.0002,1.0051,0.627,1.786,0.718,upright
8660,-0.0581,0.0217,0.9777,-0.289,0.382,-1.643,upright
8680,-0.0132,-0.001,1.0351,0.953,0.737,-1.052,upright
8700,0.0247,-0.0219,1.047,-0.613,-0.87,1.125,upright
8720,0.0257,-0.0323,0.9715,-1.534,-0.365,-0.476,upright
8740,0.0492,-0.0333,1.0162,-1.519,-2.897,3.102,upright
8760,-0.0069,0.0086,0.9843,-2.281,0.952,-0.942,upright
8780,-0.0511,-0.0031,0.966,-0.225,-1.545,0.94,upright
8800,0.0501,-0.0053,0.9638,1.122,-0.235,1.283,upright
8820,0.0368,-0.0099,1.0302,-2.927,-1.278,0.422,upright
8840,-0.0113,0.0143,1.0027,-0.317,-0.383,-0.774,upright
8860,-0.0196,0.0164,1.012,-0.854,0.13,1.166,upright
8880,0.0318,-0.0228,1.0013,4.097,-0.044,-2.628,upright
8900,-0.0066,0.0099,1.0103,-0.356,-0.09,-3.163,upright
8920,-0.009,-0.0072,0.9952,0.33,0.725,-1.92,upright
8940,0.0025,-0.0202,1.0283,-0.214,-1.43,0.862,upright
8960,0.0227,0.0016,0.9546,1.224,-0.92,-0.337,upright
8980,-0.0436,0.0067,1.0145,-1.493,-1.506,-1.324,upright
9000,0.0124,-0.0426,0.9718,-0.198,0.275,2.387,upright
9020,-0.0402,0.0086,0.9902,2.053,1.811,0.827,upright
9040,-0.0278,-0.0581,0.9852,-0.462,2.351,0.914,upright
9060,-0.005,-0.0232,1.0097,0.464,-0.529,1.29,upright
9080,-0.0131,-0.0469,1.0072,-0.417,2.013,-1.41,upright
9100,-0.0106,-0.0051,0.9766,-1.321,0.966,2.134,upright
9120,0.0022,0.0249,0.9951,-1.062,-0.062,1.623,upright
9140,-0.0357,0.0109,0.9809,2.645,1.518,-0.81,upright
9160,0.0073,0.0058,1.01,-2.57,1.05,0.799,upright
9180,-0.0221,-0.0441,0.9876,1.013,0.652,1.349,upright
9200,-0.0443,-0.0171,1.0385,1.173,-0.668,-0.425,upright
9220,0.0179,-0.0059,1.0026,-2.611,-1.292,1.746,upright
9240,-0.0072,-0.0131,0.9753,-0.584,0.091,0.679,upright
9260,-0.0185,-0.0361,1.0335,-1.14,-2.356,1.093,upright
9280,0.012,0.0199,1.0162,2.477,-0.199,1.11,upright
9300,-0.0522,-0.0054,0.9285,0.164,-0.421,-0.309,upright
9320,-0.0717,-0.0172,1.0108,2.065,-0.038,-1.669,upright
9340,0.011,-0.0178,1.0004,0.95,0.331,-3.869,upright
9360,-0.0692,-0.0155,1.0669,2.446,2.875,-1.129,upright
9380,-0.033,-0.0267,1.0078,-1.684,-0.178,-1.305,upright
9400,-0.0052,-0.0125,0.9945,-2.318,-0.111,3.54,upright
9420,0.013,-0.0231,1.0259,-1.845,-0.154,1.477,upright
9440,-0.0079,0.0493,0.9899,0.355,-0.902,0.435,upright
9460,-0.0989,-0.0394,0.982,-1.047,-1.062,-2.314,upright
9480,-0.0515,-0.0143,1.0018,-0.494,-1.281,-1.366,upright
9500,-0.0615,0.0326,1.0223,-1.076,0.695,-0.06,upright
9520,-0.0375,-0.0123,0.9926,1.622,-0.089,-0.472,upright
9540,-0.0372,-0.0064,0.9988,0.228,-3.083,-0.215,upright
9560,-0.0548,-0.0285,1.0158,0.248,2.777,1.398,upright
9580,-0.0709,0.019,0.9983,-2.046,-1.477,-1.346,upright
9600,-0.0163,-0.0128,1.0333,-1.647,0.362,0.434,upright
9620,-0.0184,0.003,0.9908,-0.266,-1.482,-1.215,upright
9640,0.0226,-0.0454,0.9885,0.184,1.289,-0.376,upright
9660,-0.0404,-0.0324,0.989,0.339,-0.94,-0.585,upright
9680,-0.0294,-0.0704,1.0215,-1.631,-0.856,0.912,upright
9700,-0.0258,0.0278,0.9738,-1.164,2.236,-3.664,upright
9720,-0.0195,-0.0073,1.0211,-0.512,-3.58,-1.068,upright
9740,-0.0727,0.0129,1.0082,1.366,1.56,0.215,upright
9760,-0.0722,-0.0101,0.9852,1.069,0.919,1.33,upright
9780,-0.0091,0.0225,0.9591,-0.315,-0.197,-0.376,upright
9800,0.0096,0.0231,0.9873,-1.855,-0.443,1.133,upright
9820,-0.0219,0.0441,0.9835,2.554,1.112,-1.281,upright
9840,0.0072,0.0041,1.0012,-0.209,1.11,-2.803,upright
9860,-0.0197,0.0172,0.9974,0.372,2.358,-0.128,upright
9880,0.0165,0.0029,1.0074,0.873,2.269,0.709,upright
9900,0.0214,0.0042,0.9754,-0.631,-1.761,-2.172,upright
9920,0.0475,0.0078,0.9947,-2.339,-3.01,-0.08,upright
9940,-0.0433,0.026,1.0085,2.249,-0.017,1.358,upright
9960,-0.0034,0.0293,0.9629,0.846,0.379,-2.909,upright
9980,-0.0204,0.0378,1.023,-1.415,-0.506,-2.287,upright
10000,0.0126,-0.0054,0.9972,-1.023,-0.404,-0.558,upright
10020,0.0802,0.0039,1.0103,-1.469,-0.163,0.775,upright
10040,0.0074,-0.0179,0.9628,-1.321,-0.22,1.463,upright
10060,0.039,-0.0071,0.972,-2.46,-1.024,-2.106,upright
10080,-0.0076,0.0164,0.9675,-1.398,0.098,0.137,upright
10100,0.0603,0.0342,1.0274,0.214,-0.8,-0.568,upright
10120,-0.0033,0.0247,0.99,2.984,-0.643,1.271,upright
10140,0.0361,-0.0217,1.0122,2.407,0.262,-1.287,upright
10160,-0.0328,-0.006,0.9624,-3.893,0.156,-1.03,upright
10180,0.0151,0.0029,0.9677,0.768,0.983,-2.299,upright
10200,0.0167,-0.0728,0.9855,-0.48,-1.324,1.417,upright
10220,-0.0002,0.0246,0.9486,-2.471,-0.565,-0.52,upright
10240,-0.0076,-0.0804,1.0282,0.356,-0.881,-0.467,upright
10260,0.0088,0.034,1.0379,-0.905,0.182,-1.868,upright
10280,0.0146,-0.0035,1.0099,-1.69,0.035,-2.219,upright
10300,0.0193,-0.0149,0.975,1.552,-1.841,1.798,upright
10320,0.0415,0.0114,1.0385,-0.635,-0.713,-0.881,upright
10340,0.0084,0.019,0.9769,-1.262,-0.419,1.962,upright
10360,0.0597,0.019,1.0272,-1.486,0.52,0.194,upright
10380,0.0432,-0.0614,1.0096,-0.099,-3.824,-2.462,upright
10400,0.0438,0.0281,1.0322,0.414,-0.261,2.326,upright
10420,0.0124,-0.0505,0.9696,1.1,0.353,-0.732,upright
10440,0.0537,0.0428,0.9653,-2.495,-1.836,1.238,upright
10460,0.0234,-0.0083,1.0511,0.714,-2.555,-0.112,upright
10480,0.023,-0.0522,1.0194,-0.997,-2.535,0.685,upright
10500,0.0379,0.0244,1.0131,-0.92,0.302,0.756,upright
10520,-0.0054,0.0069,0.9796,-0.7,0.178,-0.366,upright
10540,-0.0382,0.024,0.9935,2.015,-0.091,2.132,upright
10560,0.0028,-0.0032,0.9888,-1.444,0.364,-1.378,upright
10580,0.0263,-0.0034,1.0097,-1.575,1.28,1.22,upright
10600,0.0389,-0.0377,0.9407,1.805,-0.115,1.608,upright
10620,0.0081,0.0143,0.9783,0.527,-0.247,3.021,upright
10640,0.0357,-0.0449,0.9799,-1.617,-1.778,-3.016,upright
10660,0.0048,0.0077,1.0249,1.112,0.039,-1.328,upright
10680,0.0113,0.0117,1.0262,0.317,0.906,-1.604,upright
10700,-0.0005,-0.0357,0.9625,1.55,-1.822,-3.044,upright
10720,0.0775,-0.0464,1.0126,0.863,-0.327,1.496,upright
10740,0.0023,0.0271,1.0273,0.074,-1.341,1.165,upright
10760,0.0279,0.0194,0.9845,-0.549,2.896,0.175,upright
10780,0.0401,-0.0054,1.0315,1.021,-1.469,-0.393,upright
10800,-0.005,-0.0342,0.9878,0.195,-1.361,0.079,upright
10820,0.0358,0.0296,0.9741,2.17,-1.208,0.432,upright
10840,0.0132,0.057,0.9958,-1.278,0.332,-0.414,upright
10860,0.0469,-0.0067,0.9367,0.494,-1.024,0.804,upright
10880,0.023,-0.0312,0.9729,-0.321,-0.431,-0.292,upright
10900,0.0285,-0.0577,1.0389,1.069,3.089,-0.678,upright
10920,0.0121,0.0307,0.9493,-1.04,-0.146,2.434,upright
10940,0.035,-0.0367,0.9758,1.891,-3.54,0.952,upright
10960,0.0437,-0.0078,1.0602,0.78,-0.3,0.336,upright
10980,0.0389,0.043,1.0213,0.534,-0.96,0.829,upright
11000,0.0461,0.0627,1.0195,-0.188,1.139,1.031,upright
11020,-0.0068,-0.0109,0.9925,-0.07,0.898,2.46,upright
11040,-0.0025,-0.0153,1.0845,0.556,-1.735,-2.626,upright
11060,-0.0655,0.0371,0.9766,-2.364,-0.437,0.808,upright
11080,-0.0049,0.0255,0.9529,0.194,-0.371,-2.477,upright
11100,0.0505,0.0005,0.9811,-0.749,-2.877,0.325,upright
11120,0.0136,0.0208,0.9774,-1.014,1.321,-1.327,upright
11140,-0.017,0.0029,1.0118,-0.131,1.294,-1.71,upright
11160,-0.0019,-0.0187,0.9793,3.094,-1.085,-0.36,upright
11180,-0.0058,-0.0029,0.9675,2.092,-1.535,-0.322,upright
11200,0.0223,-0.019,1.0028,0.893,-1.248,-0.629,upright
11220,0.0371,-0.0298,1.0009,-0.799,-0.345,1.114,upright
11240,-0.0045,0.018,0.9006,1.013,2.246,-1.025,upright
11260,-0.009,-0.0031,1.0406,0.057,0.665,-0.821,upright
11280,0.0104,-0.004,1.0689,0.264,-0.389,-0.661,upright
11300,-0.0374,0.0664,1.0225,1.338,-1.257,0.181,upright
11320,0.0174,0.0343,0.9397,-0.299,-0.21,0.433,upright
11340,0.0476,0.0181,0.9985,-0.999,-0.707,0.572,upright
11360,-0.034,0.0345,1.0239,-0.736,-0.161,0.027,upright
11380,-0.0026,0.0127,0.9999,0.414,1.242,-0.459,upright
11400,-0.0194,0.0033,1.0065,-0.899,1.883,1.197,upright
11420,-0.0446,-0.0647,0.9803,-1.932,3.889,-1.25,upright
11440,0.0342,0.0508,1.0144,0.602,-3.745,-1.153,upright
11460,-0.0086,-0.0039,1.025,0.005,-1.266,-2.418,upright
11480,-0.0115,0.0324,0.9735,-1.798,0.158,-1.351,upright
11500,-0.0248,-0.0224,0.9522,0.624,-0.372,1.133,upright
11520,0.0121,-0.0182,1.0099,-0.899,-2.052,-0.136,upright
11540,-0.0351,0.0062,0.9879,-0.272,-0.017,-0.729,upright
11560,-0.005,0.0069,0.9909,-1.687,0.4,-0.943,upright
11580,-0.0257,-0.0415,1.0632,-1.767,1.111,0.465,upright
11600,0.0127,0.016,1.0075,3.64,-2.573,-3.235,upright
11620,0.0068,-0.0213,1.0594,3.364,-0.265,0.328,upright
11640,-0.0309,0.0022,0.9977,0.484,2.456,-0.722,upright
11660,0.0276,-0.018,0.9651,1.485,1.387,-1.737,upright
11680,-0.0215,0.0649,0.9885,0.467,0.069,3.289,upright
11700,0.0092,-0.0195,0.9964,0.089,2.401,1.366,upright
11720,0.0075,0.0406,0.9737,0.716,0.362,1.328,upright
11740,0.0068,-0.0441,1.0199,1.497,-0.216,-0.887,upright
11760,0.0222,-0.0332,1.0323,-1.586,1.471,-0.84,upright
11780,0.0045,-0.0167,1.0121,-0.83,0.938,1.44,upright
11800,-0.0029,0.0106,0.9987,-1.847,-1.866,0.351,upright
11820,-0.0419,0.0487,1.0092,2.267,-0.496,-0.311,upright
11840,-0.0103,-0.0038,0.9587,3.632,-0.621,1.62,upright
11860,0.0133,0.0373,1.0109,-0.857,-0.125,0.227,upright
11880,0.02,-0.0647,0.9636,1.768,2.12,0.592,upright
11900,-0.0451,0.0521,0.9833,1.205,0.145,0.246,upright
11920,-0.0466,-0.0026,0.987,-1.692,0.373,-0.224,upright
11940,-0.0468,0.0041,1.0127,0.493,-0.211,0.157,upright
11960,-0.0378,-0.0268,0.9793,0.052,0.89,-0.312,upright
11980,-0.0057,0.0619,1.0092,-2.879,1.467,-0.994,upright
12000,0.362,0.0235,0.948,0.529,-0.435,-2.585,slouch
12020,0.3333,-0.0313,0.9443,-0.543,-1.866,-1.994,slouch
12040,0.2885,0.0121,0.9356,0.285,-2.028,1.272,slouch
12060,0.3117,0.0123,0.9433,-1.313,0.423,-0.578,slouch
12080,0.2796,0.0276,0.9208,1.72,2.278,1.416,slouch
12100,0.3417,0.0421,0.9355,0.811,4.172,-0.315,slouch
12120,0.2967,-0.0246,0.9088,-1.016,0.585,1.394,slouch
12140,0.3124,-0.0129,0.9214,1.565,0.092,0.162,slouch
12160,0.3519,-0.0144,0.9163,-0.616,-0.633,0.946,slouch
12180,0.3162,-0.0117,1.0079,-0.292,1.49,-0.196,slouch
12200,0.3615,-0.0139,0.9435,0.171,-0.111,-1.608,slouch
12220,0.333,0.0268,0.9115,0.108,-0.311,-0.416,slouch
12240,0.3572,-0.0107,0.9025,-0.654,-0.742,0.4,slouch
12260,0.2884,0.0208,0.8708,-0.48,0.102,-2.173,slouch
12280,0.3514,0.0066,0.9547,1.401,0.515,1.828,slouch
12300,0.306,-0.0261,0.9211,0.924,-1.325,-1.277,slouch
12320,0.2851,0.0057,0.972,0.099,-0.979,1.367,slouch
12340,0.3328,0.0448,0.9093,-2.176,1.115,0.275,slouch
12360,0.3436,0.0455,0.965,-0.158,-2.179,-1.029,slouch
12380,0.3602,0.0622,0.9098,0.216,-1.292,-0.664,slouch
12400,0.3431,0.0283,0.9096,1.517,0.978,-0.566,slouch
12420,0.3253,-0.0519,0.951,-1.88,-0.199,-0.393,slouch
12440,0.3709,-0.0078,0.944,-0.08,0.899,0.372,slouch
12460,0.3159,-0.0477,0.9146,0.461,-0.148,1.279,slouch
12480,0.2904,0.0282,0.9303,-0.054,-0.184,0.168,slouch
12500,0.3255,-0.0644,0.9559,-0.364,-0.319,0.726,slouch
12520,0.3888,0.0021,0.8827,-1.617,-3.113,-0.481,slouch
12540,0.2692,0.045,0.9222,1.062,-1.032,-0.397,slouch
12560,0.3518,0.0064,0.9953,-0.017,-0.675,0.617,slouch
12580,0.3648,-0.0422,0.8771,0.753,-2.333,-0.195,slouch
12600,0.3789,0.0199,0.9445,1.476,-0.679,0.131,slouch
12620,0.317,0.0032,0.8947,-0.914,2.223,1.258,slouch
12640,0.3641,0.0154,0.9323,2.241,-1.01,-1.062,slouch
12660,0.3534,0.0273,0.9301,-1.871,-0.817,-0.009,slouch
12680,0.3752,-0.0669,0.9393,-0.23,-1.286,0.387,slouch
12700,0.3569,-0.0356,0.9168,0.227,0.711,1.269,slouch
12720,0.3296,-0.0151,0.9115,-4.768,3.023,-1.73,slouch
12740,0.3323,-0.0091,0.9272,-1.66,-0.092,-1.33,slouch
12760,0.363,-0.0275,0.9044,-2.364,-0.175,1.591,slouch
12780,0.4211,0.0244,0.9152,1.476,1.107,0.643,slouch
12800,0.3666,-0.0261,0.9585,0.51,-1.588,-2.339,slouch
12820,0.4044,0.0488,0.9027,-0.142,0.978,0.05,slouch
12840,0.3555,-0.0238,0.9353,0.426,2.909,-2.74,slouch
12860,0.3633,-0.0263,0.9599,0.221,0.708,-3.071,slouch
12880,0.3686,0.0262,0.9315,-0.207,0.873,-1.534,slouch
12900,0.3629,-0.0063,0.9054,0.314,-1.34,-1.179,slouch
12920,0.378,-0.0017,0.8854,-1.683,-0.088,0.024,slouch
12940,0.3537,-0.0398,0.8876,-2.559,0.877,1.547,slouch
12960,0.4048,0.0262,0.9153,-0.487,-1.337,-1.151,slouch
12980,0.4314,0.0607,0.9386,-0.53,-2.301,2.287,slouch
13000,0.4348,-0.0216,0.9669,-0.02,-0.242,0.64,slouch
13020,0.3514,0.0215,0.8755,0.831,-1.464,0.857,slouch
13040,0.3843,0.0423,0.9381,1.168,0.019,0.627,slouch
13060,0.3637,0.0078,0.9178,-1.292,1.194,3.826,slouch
13080,0.3681,0.0078,0.8875,1.517,-1.089,0.226,slouch
13100,0.3325,-0.0257,0.8863,-1.785,-0.097,0.397,slouch
13120,0.3841,0.0408,0.916,-2.693,2.863,1.113,slouch
13140,0.3632,-0.0204,0.9232,-1.067,-0.452,0.153,slouch
13160,0.3714,-0.0563,0.9624,1.844,0.38,-0.634,slouch
13180,0.3367,0.0202,0.9614,1.482,1.462,1.498,slouch
13200,0.3322,0.0019,0.9249,0.903,0.647,-3.051,slouch
13220,0.3486,0.0177,0.9356,1.467,1.157,-1.328,slouch
13240,0.3641,-0.0138,0.8645,-0.357,-1.824,-1.515,slouch
13260,0.3985,0.01,0.893,-0.987,-0.733,-0.925,slouch
13280,0.386,0.0056,0.9134,0.723,-0.048,-1.418,slouch
13300,0.3385,-0.0295,0.9392,-1.487,-1.735,-1.725,slouch
13320,0.3595,-0.0003,0.9508,-2.388,-0.104,2.126,slouch
13340,0.3894,0.0139,0.9193,1.581,-0.198,0.379,slouch
13360,0.3774,-0.0457,0.9568,-0.928,-0.929,0.521,slouch
13380,0.3184,-0.0228,0.9488,-0.475,-1.612,-0.341,slouch
13400,0.3475,0.0548,0.9859,-1.427,1.809,-1.085,slouch
13420,0.3685,-0.0453,0.8927,0.882,0.003,0.483,slouch
13440,0.3693,0.0693,0.8772,3.417,0.908,0.184,slouch
13460,0.3859,0.0205,0.9182,-2.214,-1.206,-1.51,slouch
13480,0.3385,-0.0086,0.9115,-0.392,-0.547,0.467,slouch
13500,0.3614,-0.0262,0.9196,-1.046,-2.45,-0.68,slouch
13520,0.4125,0.0105,0.8667,-1.918,-0.04,-1.257,slouch
13540,0.3275,0.0136,0.9063,1.783,-0.674,-1.456,slouch
13560,0.2997,0.0148,0.9492,1.395,-0.794,0.951,slouch
13580,0.3865,0.0153,0.9688,0.619,-0.411,1.35,slouch
13600,0.3997,0.0004,0.9278,0.013,1.553,-1.411,slouch
13620,0.3589,0.0116,0.8895,-1.606,-0.868,0.65,slouch
13640,0.368,-0.0152,0.879,1.293,-0.728,0.42,slouch
13660,0.3413,-0.0112,0.9731,-1.507,-0.406,0.208,slouch
13680,0.3111,0.0143,0.9199,3.239,-1.144,-1.636,slouch
13700,0.3456,0.0339,0.9523,0.469,-0.87,-0.934,slouch
13720,0.3295,-0.0651,0.963,0.463,-2.716,1.131,slouch
13740,0.3896,-0.0152,0.9536,-1.412,-4.316,0.352,slouch
13760,0.3299,0.0085,0.9521,-0.306,-1.316,-3.015,slouch
13780,0.4114,-0.0353,0.952,-0.393,-1.889,2.038,slouch
13800,0.3574,0.0284,0.9086,-2.199,-1.283,2.31,slouch
13820,0.3971,0.0059,0.876,-0.184,1.587,0.296,slouch
13840,0.3991,-0.0035,0.9382,2.292,-0.969,0.5,slouch
13860,0.3736,0.0091,0.9351,0.332,-0.563,-2.294,slouch
13880,0.3458,-0.0044,0.9376,0.493,-0.206,-1.331,slouch
13900,0.376,-0.0291,0.9099,-1.751,-0.137,1.734,slouch
13920,0.3155,-0.0383,0.8729,2.177,-0.471,0.95,slouch
13940,0.427,-0.0045,0.9026,-1.58,0.75,-1.505,slouch
13960,0.3373,-0.0042,0.9171,0.768,0.184,-1.192,slouch
13980,0.3338,0.0155,0.9367,1.757,-3.196,-1.638,slouch
14000,0.3753,0.006,0.8835,-1.652,-1.398,-0.29,slouch
14020,0.3191,-0.0352,0.943,-0.137,-0.435,0.851,slouch
14040,0.3821,-0.0607,0.9703,1.502,-0.475,0.612,slouch
14060,0.3779,0.0011,0.888,-0.169,-1.962,1.493,slouch
14080,0.3326,0.0165,0.9278,-1.15,-1.938,1.803,slouch
14100,0.3669,0.0037,0.9389,0.363,-3.309,1.668,slouch
14120,0.3742,-0.0203,0.9639,-2.961,-4.163,1.04,slouch
14140,0.3487,0.0059,0.9071,0.055,-1.029,0.492,slouch
14160,0.347,-0.0094,0.9058,-0.756,0.866,0.281,slouch
14180,0.3232,0.0495,0.9284,1.424,-0.478,2.572,slouch
14200,0.3671,0.0137,0.9536,-1.412,0.962,-0.284,slouch
14220,0.3235,0.026,0.9194,-1.039,-1.542,1.082,slouch
14240,0.3596,0.006,0.9358,-0.264,-0.09,-3.89,slouch
14260,0.3568,0.0432,0.9598,1.139,-0.037,0.13,slouch
14280,0.2985,0.037,0.9606,-0.035,0.478,-1.831,slouch
14300,0.2793,-0.0356,0.9275,1.411,0.451,-1.052,slouch
14320,0.3201,-0.0071,0.965,0.049,-2.438,0.404,slouch
14340,0.3224,0.0054,0.9127,-0.172,-0.623,-1.08,slouch
14360,0.3472,-0.0237,0.8919,-0.066,-0.763,0.194,slouch
14380,0.2985,0.033,0.9666,0.341,-0.593,-3.256,slouch
14400,0.3721,-0.0191,0.9201,-0.764,-0.325,3.066,slouch
14420,0.3352,-0.0337,0.9019,0.738,2.991,-0.62,slouch
14440,0.3861,-0.0038,0.92,-0.087,0.289,1.935,slouch
14460,0.3212,-0.0291,0.876,-2.425,-2.645,1.471,slouch
14480,0.3259,-0.0229,0.9755,-1.585,-0.564,-2.162,slouch
14500,0.3035,0.0006,0.8668,1.527,-0.949,-3.469,slouch
14520,0.3323,0.0039,0.9161,3.041,-1.293,3.49,slouch
14540,0.3153,0.0314,0.9166,-1.073,2.434,0.005,slouch
14560,0.3447,-0.0332,0.9117,0.045,-3.339,2.059,slouch
14580,0.3722,0.0729,0.94,1.193,-0.267,0.039,slouch
14600,0.3338,-0.0252,0.9134,3.518,0.777,2.587,slouch
14620,0.3165,-0.05,0.8961,-2.024,-2.571,-1.354,slouch
14640,0.3295,0.0399,0.8928,0.317,-0.277,-0.377,slouch
14660,0.3632,0.0135,0.8978,-0.791,2.346,-2.597,slouch
14680,0.3445,-0.0325,0.9617,-1.362,0.114,-0.317,slouch
14700,0.3377,0.0228,0.8977,0.107,-1.429,-1.882,slouch
14720,0.3335,0.0016,0.8906,0.329,-0.765,1.562,slouch
14740,0.311,-0.0224,0.9355,-1.366,1.598,0.126,slouch
14760,0.2835,0.0547,0.8793,1.535,1.184,0.583,slouch
14780,0.3176,-0.0181,0.943,-0.086,-2.403,1.228,slouch
14800,0.3849,-0.0146,0.8834,-1.443,0.178,1.37,slouch
14820,0.3611,-0.0465,0.9407,0.606,-0.757,1.379,slouch
14840,0.3192,-0.0142,0.8789,-2.196,1.362,-0.468,slouch
14860,0.3232,-0.0108,0.905,1.795,0.788,-1.276,slouch
14880,0.3596,0.0075,0.9316,-2.562,-1.453,-0.549,slouch
14900,0.3392,-0.0193,0.9098,0.397,0.214,1.766,slouch
14920,0.3313,-0.0051,0.9362,-3.481,1.38,3.456,slouch
14940,0.3057,-0.0046,0.9498,-0.226,-2.543,2.544,slouch
14960,0.3832,0.0199,0.9195,-1.255,-0.061,-1.383,slouch
14980,0.352,-0.0572,0.9676,1.175,-0.942,0.911,slouch
15000,0.3391,-0.0017,0.9408,-0.014,-0.242,-1.819,slouch
15020,0.2881,-0.0181,0.9233,-0.849,-0.697,-0.022,slouch
15040,0.3126,0.0042,0.9255,0.852,0.608,0.302,slouch
15060,0.3261,0.0159,0.8777,-0.404,2.83,0.036,slouch
15080,0.4012,0.0185,0.8621,-0.146,-0.625,0.228,slouch
15100,0.338,-0.01,0.9325,-0.702,-0.288,-1.01,slouch
15120,0.2868,-0.0124,0.968,1.159,-0.042,0.038,slouch
15140,0.3481,-0.011,0.9131,1.626,-0.057,0.48,slouch
15160,0.325,-0.0246,0.9167,-0.025,-2.664,1.139,slouch
15180,0.3642,-0.0177,0.9172,0.203,1.279,1.202,slouch
15200,0.3208,0.0405,0.8672,0.589,3.208,-0.746,slouch
15220,0.3752,0.0088,0.9051,-0.268,-0.447,0.279,slouch
15240,0.2857,-0.0245,0.8972,-1.451,0.04,0.733,slouch
15260,0.3662,-0.04,0.8899,1.395,0.885,0.334,slouch
15280,0.3941,-0.004,0.9564,-2.341,-0.722,3.102,slouch
15300,0.4092,0.0474,0.9057,0.345,1.368,0.414,slouch
15320,0.3609,-0.0346,0.855,0.106,-1.714,0.163,slouch
15340,0.366,0.0028,0.9511,0.299,0.224,-1.874,slouch
15360,0.4128,0.0057,0.8726,2.161,-1.76,1.12,slouch
15380,0.3644,0.0361,0.9186,-0.601,1.668,-2.344,slouch
15400,0.346,-0.0091,0.9095,2.042,0.238,0.661,slouch
15420,0.363,0.0147,0.8572,0.204,0.356,-1.378,slouch
15440,0.4166,0.0105,0.9096,1.239,0.597,-2.382,slouch
15460,0.3178,0.0469,0.9243,-0.29,1.359,2.827,slouch
15480,0.3614,0.0119,0.9407,-0.912,-0.88,-2.168,slouch
15500,0.3536,-0.0174,0.9303,-1.566,-0.885,0.913,slouch
15520,0.3761,0.0738,0.9354,2.291,1.613,-1.371,slouch
15540,0.3367,-0.0273,0.8544,1.001,-0.128,1.342,slouch
15560,0.3525,-0.0126,0.8747,-2.459,-1.295,0.475,slouch
15580,0.3708,-0.0839,0.9369,0.939,-0.868,0.443,slouch
15600,0.3631,0.0014,0.926,-0.999,-0.312,1.241,slouch
15620,0.4184,0.0061,0.9268,0.234,-0.244,-0.728,slouch
15640,0.3786,0.0553,0.9513,0.26,1.361,1.947,slouch
15660,0.3125,-0.0147,0.9976,0.48,-1.648,0.366,slouch
15680,0.3656,-0.0226,0.9534,-1.219,0.769,0.937,slouch
15700,0.3137,0.0537,0.8838,-0.045,1.742,1.204,slouch
15720,0.3864,-0.0104,0.8768,-0.328,-1.769,-0.798,slouch
15740,0.3185,0.011,0.9422,2.113,-0.142,-0.211,slouch
15760,0.4207,-0.0018,0.8906,-2.751,-1.595,1.05,slouch
15780,0.4031,-0.0215,0.9122,-0.28,-2.198,-2.076,slouch
15800,0.3221,0.002,0.9176,-2.289,-0.109,-1.444,slouch
15820,0.375,0.0072,0.9335,-0.554,-1.072,0.845,slouch
15840,0.425,0.009,0.8696,-1.533,-0.223,-1.193,slouch
15860,0.3752,-0.0013,0.944,-0.391,-0.555,0.16,slouch
15880,0.3848,-0.0102,0.9064,-0.318,-0.467,0.971,slouch
15900,0.3562,0.0084,0.9141,-0.67,-1.124,-0.746,slouch
15920,0.3652,0.0199,0.9236,3.338,-1.368,1.592,slouch
15940,0.3503,0.0042,0.9208,0.425,0.69,-0.619,slouch
15960,0.3683,0.027,0.8997,0.679,0.939,-0.873,slouch
15980,0.3867,-0.0025,0.9036,-0.684,-0.952,-0.187,slouch
16000,0.3359,-0.0084,0.8713,-1.983,-0.557,1.233,slouch
16020,0.3498,0.0244,0.9279,0.398,-0.044,0.216,slouch
16040,0.3691,0.0231,0.8724,1.142,-0.406,-2.278,slouch
16060,0.3451,0.0229,0.9155,-3.314,3.269,-0.808,slouch
16080,0.3509,0.0393,0.9786,-2.054,-0.836,-0.769,slouch
16100,0.3471,-0.0189,0.9521,0.962,1.279,1.046,slouch
16120,0.3868,0.0419,0.9225,1.053,0.076,2.484,slouch
16140,0.3609,0.036,0.8546,0.89,1.915,1.437,slouch
16160,0.3493,0.0829,0.9554,1.168,2.125,1.902,slouch
16180,0.3651,-0.0254,0.9495,-0.409,1.008,1.126,slouch
16200,0.3117,-0.0648,0.9274,3.148,-0.834,1.646,slouch
16220,0.3529,-0.0113,0.9404,0.472,-0.477,0.34,slouch
16240,0.3825,-0.0477,1.008,-0.272,-2.384,0.779,slouch
16260,0.3085,0.0189,0.9742,0.197,-0.932,-3.842,slouch
16280,0.3553,0.0285,0.8905,-0.806,-0.682,0.573,slouch
16300,0.4105,-0.0341,0.8766,-1.888,-1.434,1.828,slouch
16320,0.3441,0.0077,0.8831,0.396,0.289,-0.618,slouch
16340,0.3273,-0.0215,0.9401,1.349,-1.91,-2.04,slouch
16360,0.3461,0.0064,0.9417,0.385,-0.187,0.464,slouch
16380,0.358,0.0002,0.8915,1.791,-2.419,1.223,slouch
16400,0.3715,0.0321,0.928,1.472,-0.75,-2.588,slouch
16420,0.3458,0.011,0.9469,-1.347,-0.613,-2.882,slouch
16440,0.3492,-0.0447,0.9134,0.882,-1.234,-0.466,slouch
16460,0.415,-0.0281,0.9048,0.326,-0.848,0.825,slouch
16480,0.3523,0.0138,0.9468,0.831,1.164,-3.211,slouch
16500,0.3351,-0.0229,0.918,-2.054,-1.813,-2.729,slouch
16520,0.3502,-0.003,0.9399,1.249,0.637,0.684,slouch
16540,0.4004,0.0458,0.9691,1.073,1.454,1.664,slouch
16560,0.3495,-0.0189,0.9009,-0.106,-0.999,-0.927,slouch
16580,0.3588,0.0237,0.9212,-0.066,1.28,2.382,slouch
16600,0.3194,0.0226,0.8874,0.035,1.205,-0.247,slouch
16620,0.3583,0.0019,0.9353,0.956,0.32,2.35,slouch
16640,0.3158,-0.0086,0.9383,0.864,-0.013,0.356,slouch
16660,0.3659,-0.0321,0.9311,2.025,-3.215,-1.169,slouch
16680,0.3248,-0.0603,0.9265,2.714,0.765,-1.021,slouch
16700,0.3789,0.0034,0.9254,-1.831,1.575,1.017,slouch
16720,0.3352,-0.0044,0.9258,0.561,-0.652,-1.219,slouch
16740,0.3133,-0.0078,0.948,1.98,0.583,1.38,slouch
16760,0.332,-0.0224,0.9245,0.293,0.274,-0.004,slouch
16780,0.3618,0.0147,0.9227,0.693,0.659,1.059,slouch
16800,0.3817,0.0201,0.9044,-0.286,-0.068,1.308,slouch
16820,0.3504,0.0057,0.9696,0.122,-3.753,-1.111,slouch
16840,0.3547,-0.0081,0.9005,-0.634,-0.602,2.0,slouch
16860,0.3593,-0.0137,0.9602,-2.215,-1.461,0.364,slouch
16880,0.3283,0.0558,0.9198,-0.099,-1.197,-0.804,slouch
16900,0.354,-0.0084,0.9382,-0.899,-1.439,0.925,slouch
16920,0.3115,0.0223,0.9598,0.952,2.336,0.58,slouch
16940,0.3213,0.0382,0.8805,0.314,-1.124,0.2,slouch
16960,0.3274,-0.0246,0.9176,1.487,-0.854,-0.313,slouch
16980,0.3787,-0.061,0.8854,0.009,1.985,-1.986,slouch
17000,0.3365,0.0298,0.9144,-0.2,-0.462,-1.831,slouch
17020,0.3386,0.0265,0.8806,-0.259,1.003,1.97,slouch
17040,0.322,-0.0099,0.9339,-3.489,-0.044,0.877,slouch
17060,0.3106,-0.0331,0.9029,-3.979,0.809,0.907,slouch
17080,0.3819,-0.0092,0.9515,3.376,-0.512,-0.44,slouch
17100,0.3245,0.0094,0.899,0.392,-1.032,0.012,slouch
17120,0.3308,-0.0183,0.9186,1.708,-0.305,0.412,slouch
17140,0.3075,0.0236,0.9611,-0.29,1.054,1.489,slouch
17160,0.3365,-0.0372,0.9584,0.27,1.564,0.987,slouch
17180,0.3513,0.0311,0.8904,-1.071,-0.292,1.339,slouch
17200,0.3414,0.0712,0.9593,1.492,-1.326,0.081,slouch
17220,0.3317,0.0118,0.8772,0.19,1.187,-0.7,slouch
17240,0.3443,-0.0092,0.925,2.289,-0.453,-0.76,slouch
17260,0.357,0.0222,0.9054,1.082,-0.459,-0.676,slouch
17280,0.3115,0.0035,0.9245,3.371,-0.28,-0.087,slouch
17300,0.371,-0.0689,0.9319,-0.775,-0.848,-3.351,slouch
17320,0.3039,-0.0201,0.9153,3.274,1.637,0.562,slouch
17340,0.3262,0.0192,0.9374,-1.437,-1.937,-0.558,slouch
17360,0.3308,0.0348,0.8854,1.393,2.247,-0.628,slouch
17380,0.348,-0.0277,0.9248,-0.136,-0.601,2.043,slouch
17400,0.3056,-0.0159,0.9171,0.676,-0.373,-1.436,slouch
17420,0.3532,0.0291,0.95,-2.769,0.606,0.682,slouch
17440,0.3109,0.0058,0.9466,-0.818,-1.629,1.539,slouch
17460,0.3419,0.0436,0.9275,1.035,-1.402,2.854,slouch
17480,0.3275,-0.0291,0.9132,1.534,0.343,0.792,slouch
17500,0.3329,0.0222,0.9258,-2.2,2.107,0.801,slouch
17520,0.3666,0.0203,0.927,-1.804,0.828,1.909,slouch
17540,0.3713,0.002,0.9464,-0.425,-0.669,-0.144,slouch
17560,0.3845,-0.0083,0.9476,1.527,-1.039,-0.489,slouch
17580,0.3503,0.0201,0.9229,3.129,1.972,1.19,slouch
17600,0.3243,0.0002,0.9367,-2.216,-2.699,-2.295,slouch
17620,0.3866,-0.0524,0.9481,0.036,1.609,3.239,slouch
17640,0.3992,-0.0259,0.9178,-1.313,0.31,-1.507,slouch
17660,0.397,-0.0187,0.9294,0.283,-0.139,1.797,slouch
17680,0.4051,-0.0724,0.9598,1.115,-0.593,0.243,slouch
17700,0.3602,-0.0127,0.9377,-0.801,-0.191,-0.002,slouch
17720,0.3241,0.0139,0.839,1.589,-0.888,-1.482,slouch
17740,0.4159,0.0077,0.914,1.152,-1.138,1.843,slouch
17760,0.4353,-0.0287,0.8928,0.796,0.791,-0.668,slouch
17780,0.3513,0.0621,0.8815,-1.885,-1.569,0.446,slouch
17800,0.3039,0.0017,0.9033,0.789,2.513,-0.259,slouch
17820,0.3475,0.0267,0.9655,3.71,2.624,2.29,slouch
17840,0.4124,0.0046,0.9199,-1.675,3.259,0.46,slouch
17860,0.3097,0.0382,0.9698,-0.13,0.922,0.509,slouch
17880,0.3636,-0.0411,0.9064,-0.098,-1.531,0.428,slouch
17900,0.3539,-0.0247,0.8769,0.488,1.457,0.091,slouch
17920,0.4077,0.0361,0.9275,2.213,-0.589,-1.697,slouch
17940,0.3354,-0.0338,0.8979,1.998,-3.16,0.949,slouch
17960,0.4172,-0.0135,0.9412,-2.334,1.302,0.505,slouch
17980,0.3688,0.0025,0.8677,-0.22,-0.26,0.991,slouch
18000,0.3045,-0.0525,0.9302,-1.642,1.249,-0.499,slouch
18020,0.3701,0.05,0.9116,0.393,-1.358,1.305,slouch
18040,0.3898,-0.0,0.9451,0.812,0.733,0.871,slouch
18060,0.3812,0.0007,0.9299,0.05,2.216,-0.618,slouch
18080,0.3577,0.0165,0.9343,-1.573,-0.561,0.932,slouch
18100,0.3504,0.0565,0.9373,0.149,-0.025,-0.511,slouch
18120,0.4274,-0.0012,0.915,3.138,-1.59,1.092,slouch
18140,0.3466,-0.008,0.905,-0.216,1.291,-0.192,slouch
18160,0.3491,0.047,0.9063,0.279,1.325,1.218,slouch
18180,0.3155,0.0787,0.9221,-1.5,1.086,-0.693,slouch
18200,0.3824,0.0186,0.8879,0.228,1.362,-1.0,slouch
18220,0.321,-0.0103,0.9348,2.092,-1.79,0.561,slouch
18240,0.4215,-0.0006,0.9438,0.325,-0.382,-1.069,slouch
18260,0.3464,-0.0234,0.8917,-1.245,-0.86,-0.941,slouch
18280,0.3793,0.016,0.926,0.067,1.264,-1.138,slouch
18300,0.3904,0.0138,0.9866,1.131,0.252,-1.641,slouch
18320,0.3898,-0.0261,0.9075,-1.159,-1.597,-0.015,slouch
18340,0.3604,0.0037,0.9516,-1.134,-0.489,-2.256,slouch
18360,0.353,0.0346,0.8885,0.144,-0.918,2.489,slouch
18380,0.3557,0.0068,0.91,-2.03,2.343,2.191,slouch
18400,0.3985,-0.0201,0.9252,1.096,-3.005,0.144,slouch
18420,0.3606,0.0308,0.8659,3.196,2.672,-0.727,slouch
18440,0.3882,-0.0309,0.9614,-2.803,-1.327,-0.354,slouch
18460,0.3905,0.0353,0.9451,-0.767,-2.536,-2.492,slouch
18480,0.3618,0.0073,0.8931,1.147,-0.109,-2.298,slouch
18500,0.3803,-0.0475,0.9043,0.082,2.499,1.557,slouch
18520,0.36,0.0019,0.9624,-0.376,-0.9,1.365,slouch
18540,0.3676,0.0151,0.9359,1.329,0.211,4.138,slouch
18560,0.3162,-0.012,0.8739,-0.345,-0.969,-4.285,slouch
18580,0.2953,0.0011,0.9118,0.341,-3.05,-1.44,slouch
18600,0.344,-0.0221,0.932,-1.118,0.9,0.736,slouch
18620,0.3701,-0.0394,0.9342,-3.245,-0.692,1.259,slouch
18640,0.4184,0.0179,0.8832,1.855,0.787,0.807,slouch
18660,0.3458,-0.0067,0.9001,1.889,-0.582,-0.273,slouch
18680,0.3996,0.0326,0.9609,0.442,0.113,-1.991,slouch
18700,0.3607,0.0461,0.8929,1.202,0.325,1.324,slouch
18720,0.3594,-0.0434,0.8899,2.042,0.154,0.605,slouch
18740,0.3748,-0.0306,0.908,0.834,-0.361,2.784,slouch
18760,0.3952,0.0051,0.8741,-1.158,-2.92,1.33,slouch
18780,0.3692,-0.0607,0.9182,0.87,-0.933,0.397,slouch
18800,0.3378,0.0254,0.899,-0.513,0.025,0.957,slouch
18820,0.3485,0.0356,0.9046,-1.416,1.231,-1.68,slouch
18840,0.3629,0.0153,0.8962,-0.022,0.852,-0.401,slouch
18860,0.3459,-0.0843,0.898,-0.826,1.596,3.287,slouch
18880,0.3605,-0.0785,0.933,0.17,2.489,2.928,slouch
18900,0.3093,0.0083,0.9622,1.255,2.997,1.888,slouch
18920,0.329,0.0184,0.8712,-1.213,-0.184,-1.066,slouch
18940,0.312,-0.0062,0.9288,3.098,-1.37,1.803,slouch
18960,0.3599,-0.0002,0.9518,3.095,-2.088,-0.283,slouch
18980,0.3721,-0.0243,0.8922,-1.658,0.393,3.328,slouch
19000,0.3481,0.0341,0.9788,1.209,-1.56,1.016,slouch
19020,0.3562,-0.0273,0.926,-2.472,-0.937,-0.387,slouch
19040,0.3538,-0.0241,0.9074,-1.042,-1.086,-2.186,slouch
19060,0.3195,-0.02,0.9001,1.891,0.119,3.153,slouch
19080,0.3028,-0.0,0.8832,0.445,-0.041,1.034,slouch
19100,0.3817,-0.0388,0.946,-1.112,2.055,-1.708,slouch
19120,0.3304,-0.022,0.9389,-1.379,-1.916,3.159,slouch
19140,0.3222,0.0234,0.9841,-1.905,1.12,-0.421,slouch
19160,0.3914,0.0651,0.8952,0.142,1.928,-0.792,slouch
19180,0.297,0.0557,0.9592,-1.121,2.579,-1.0,slouch
19200,0.2928,-0.0123,0.94,0.146,1.845,-2.212,slouch
19220,0.3128,0.0406,0.9649,-0.291,0.19,-2.217,slouch
19240,0.295,0.0015,0.9625,-0.523,2.251,2.24,slouch
19260,0.2948,-0.0026,0.8526,-0.958,1.055,-0.602,slouch
19280,0.3788,-0.0417,0.9493,-3.099,-1.897,1.594,slouch
19300,0.3459,0.0105,0.9541,2.816,-1.39,-1.304,slouch
19320,0.2832,0.0374,0.9102,0.647,-2.281,2.377,slouch
19340,0.3756,-0.0002,0.8601,1.866,0.38,0.913,slouch
19360,0.3085,0.0063,0.93,-1.909,1.153,-1.549,slouch
19380,0.3489,0.0132,0.9114,-1.493,-0.914,0.107,slouch
19400,0.3322,-0.0226,0.9418,3.219,1.315,0.593,slouch
19420,0.3925,0.0357,0.9283,-1.954,2.335,0.033,slouch
19440,0.3458,-0.0005,0.8733,0.826,1.678,0.232,slouch
19460,0.3177,0.046,0.8666,-0.615,0.147,1.017,slouch
19480,0.3595,0.0105,0.8815,1.252,-1.812,2.754,slouch
19500,0.3562,-0.0306,0.8921,1.606,-0.406,-0.654,slouch
19520,0.3425,0.0074,0.9334,0.753,-2.475,0.656,slouch
19540,0.3356,-0.0373,0.9731,0.793,1.095,-1.553,slouch
19560,0.3712,-0.0098,0.9295,-1.402,2.662,-1.758,slouch
19580,0.3389,-0.0268,0.922,-2.683,-1.399,-0.309,slouch
19600,0.4085,-0.0197,0.9014,3.667,-1.686,1.359,slouch
19620,0.3177,0.032,0.8972,0.4,-2.046,-1.109,slouch
19640,0.2922,0.0115,0.8896,-0.467,-0.434,0.887,slouch
19660,0.2928,0.0905,0.928,-1.254,1.64,1.93,slouch
19680,0.3422,0.0118,0.9205,-3.286,-0.015,-0.479,slouch
19700,0.3282,-0.0024,0.9021,-2.319,-1.572,-0.687,slouch
19720,0.3335,-0.0157,1.018,0.075,-0.359,1.118,slouch
19740,0.3399,-0.0239,0.8627,-1.111,0.494,-0.734,slouch
19760,0.3498,0.0096,0.9206,-1.442,0.397,1.766,slouch
19780,0.3075,-0.08,0.9229,-0.985,-3.86,-1.027,slouch
19800,0.3469,-0.0222,0.9401,0.136,0.267,-0.201,slouch
19820,0.3267,-0.0485,0.9215,0.286,3.155,0.787,slouch
19840,0.3624,0.0233,0.9377,0.511,1.332,2.088,slouch
19860,0.3553,0.0075,0.9305,2.324,0.828,1.47,slouch
19880,0.3797,0.0313,0.9376,1.974,-0.414,-3.169,slouch
19900,0.3817,-0.0097,0.9676,1.385,2.861,0.939,slouch
19920,0.3594,-0.0281,0.944,-0.604,1.513,0.683,slouch
19940,0.3481,-0.0111,0.919,2.162,-1.332,0.871,slouch
19960,0.4032,0.0036,0.8847,-1.621,-0.28,-0.144,slouch
19980,0.3271,-0.0223,0.9267,-0.114,3.735,-2.502,slouch
20000,0.3056,0.0743,0.9301,0.801,2.307,-0.479,slouch
20020,0.3384,0.0326,0.9636,-0.454,1.886,0.126,slouch
20040,0.3565,-0.0186,0.8995,-2.704,-1.117,-0.79,slouch
20060,0.3393,0.0183,0.9236,-1.408,1.496,0.097,slouch
20080,0.298,0.0175,0.9184,0.026,-1.21,-0.194,slouch
20100,0.2857,0.0293,0.9135,1.26,1.365,-1.666,slouch
20120,0.3636,0.0487,0.9601,-0.083,-1.749,1.503,slouch
20140,0.3375,-0.0204,0.9177,1.513,-0.306,-0.744,slouch
20160,0.3235,-0.0097,0.9238,-0.443,0.381,0.472,slouch
20180,0.3762,0.0018,0.8918,-1.177,1.001,-2.313,slouch
20200,0.3473,-0.0693,0.9212,-1.554,-0.881,-0.379,slouch
20220,0.3094,-0.0336,0.9124,4.378,0.946,3.288,slouch
20240,0.3936,-0.0019,0.8478,1.199,-0.721,-1.558,slouch
20260,0.3763,-0.0331,0.9252,0.736,-0.41,-0.785,slouch
20280,0.3402,0.0278,0.8974,0.875,3.066,-3.082,slouch
20300,0.3646,0.0208,0.9332,0.857,-0.31,0.702,slouch
20320,0.3801,0.0128,0.9558,-0.825,-1.14,1.623,slouch
20340,0.3714,-0.0297,0.914,0.432,0.974,-1.67,slouch
20360,0.3591,0.0474,0.955,-0.161,0.073,0.737,slouch
20380,0.3563,-0.0176,0.9965,0.515,1.367,-0.424,slouch
20400,0.3765,-0.0229,0.9152,-0.754,0.807,0.58,slouch
20420,0.4113,0.0392,0.9471,-0.72,-1.714,-1.02,slouch
20440,0.3796,-0.0427,0.925,-0.576,1.384,2.093,slouch
20460,0.387,0.0217,0.8806,0.265,-1.213,-0.62,slouch
20480,0.3792,-0.0312,0.9231,0.745,0.4,-2.22,slouch
20500,0.3989,0.0153,0.8846,-0.926,-2.132,3.541,slouch
20520,0.3697,0.0183,0.9811,-0.029,-0.615,-1.221,slouch
20540,0.3923,-0.0165,0.9085,1.418,0.218,-0.967,slouch
20560,0.2955,0.0293,0.8132,1.969,1.114,1.226,slouch
20580,0.3694,0.0457,0.9323,-0.533,-0.647,-0.169,slouch
20600,0.3351,-0.0602,0.9676,-1.648,0.336,2.354,slouch
20620,0.3802,0.034,0.9664,-0.336,-0.253,-1.765,slouch
20640,0.3443,0.0587,0.9042,-0.259,1.794,-0.972,slouch
20660,0.3276,0.0231,0.8716,-0.41,-0.14,0.064,slouch
20680,0.3412,0.0207,0.931,-0.702,0.407,2.023,slouch
20700,0.3485,-0.0034,0.963,-1.379,2.223,1.925,slouch
20720,0.3577,-0.0014,0.9582,-0.544,-0.217,0.364,slouch
20740,0.3757,-0.0021,0.9223,1.954,-2.885,0.995,slouch
20760,0.3478,0.0172,0.8771,-1.67,0.493,1.5,slouch
20780,0.4239,-0.0002,0.926,-0.185,0.374,-2.389,slouch
20800,0.3609,0.0145,0.8756,0.103,-1.364,-5.054,slouch
20820,0.4259,-0.0366,0.9081,-2.722,2.408,-0.397,slouch
20840,0.378,0.001,0.9309,-0.683,-0.855,1.473,slouch
20860,0.4416,-0.0597,0.9191,2.04,-2.53,-1.742,slouch
20880,0.3835,0.0102,0.8948,0.732,3.242,4.953,slouch
20900,0.3579,-0.0218,0.9113,2.412,3.064,-1.332,slouch
20920,0.3451,0.0204,0.9406,-1.512,-1.511,-0.211,slouch
20940,0.3686,0.005,0.9166,1.206,0.414,-0.175,slouch
20960,0.3636,-0.0427,0.9243,-2.874,-1.554,-0.838,slouch
20980,0.3369,-0.0217,0.9544,0.132,-1.986,1.991,slouch
21000,0.3638,-0.0013,0.9023,0.296,-4.008,-0.604,slouch
21020,0.3442,0.0422,0.9585,0.549,1.394,-0.066,slouch
21040,0.3459,-0.0368,0.9124,3.489,0.057,-1.842,slouch
21060,0.3736,-0.0451,0.9248,-1.812,-1.179,1.034,slouch
21080,0.3833,-0.001,0.9315,-3.41,0.662,-0.645,slouch
21100,0.31,-0.0014,0.9596,-0.124,-0.649,1.14,slouch
21120,0.3792,-0.0486,0.9296,0.668,-0.599,-0.444,slouch
21140,0.3855,0.008,0.9384,-0.641,0.864,-1.498,slouch
21160,0.3739,-0.0129,0.8712,0.076,1.164,-1.208,slouch
21180,0.3714,-0.0427,0.9075,-1.263,-0.75,0.259,slouch
21200,0.3266,0.0028,0.9237,-0.163,1.161,-0.287,slouch
21220,0.3826,0.0157,0.9303,0.545,1.309,-1.778,slouch
21240,0.3523,0.0405,0.9145,-1.085,-1.622,-0.151,slouch
21260,0.3648,0.0195,0.9088,0.835,0.575,-1.475,slouch
21280,0.319,-0.0247,0.9078,1.925,-0.934,-1.702,slouch
21300,0.331,-0.0032,0.8978,-1.277,0.224,0.758,slouch
21320,0.3875,-0.0339,0.9297,0.295,-1.184,0.916,slouch
21340,0.3347,0.0029,0.8823,-1.534,1.571,-1.044,slouch
21360,0.3758,0.0117,0.9136,-0.841,-0.481,0.93,slouch
21380,0.3797,-0.0095,0.9029,0.81,0.238,0.666,slouch
21400,0.3702,-0.0086,0.9836,0.407,-0.052,0.006,slouch
21420,0.3502,0.0109,0.879,0.069,-0.738,-0.258,slouch
21440,0.3401,0.0108,0.8881,1.476,1.673,-0.54,slouch
21460,0.3481,-0.0338,0.9049,2.494,1.148,1.291,slouch
21480,0.3939,0.016,0.9351,0.471,-0.162,0.571,slouch
21500,0.3679,0.0256,0.9101,1.713,1.583,-0.216,slouch
21520,0.3786,-0.015,0.9156,1.32,-0.31,-2.85,slouch
21540,0.3352,0.0286,0.937,-0.727,-1.542,-0.301,slouch
21560,0.3685,-0.0468,0.9075,-0.879,-3.047,-1.443,slouch
21580,0.3611,0.0216,1.0009,-1.233,0.223,0.079,slouch
21600,0.3395,0.0171,0.948,-0.338,0.05,0.596,slouch
21620,0.3683,-0.0236,0.9514,0.722,-1.009,-0.825,slouch
21640,0.3541,-0.0257,0.9109,-0.539,2.101,4.007,slouch
21660,0.3435,0.0305,0.9253,-1.182,2.566,-2.198,slouch
21680,0.3625,-0.0422,0.9737,-0.325,1.624,-0.334,slouch
21700,0.3695,0.0017,0.9341,0.945,0.548,-0.592,slouch
21720,0.3384,-0.0184,0.9172,-0.465,-1.547,2.064,slouch
21740,0.3458,0.0467,0.9463,-1.571,-1.402,-2.408,slouch
21760,0.3158,-0.0345,0.9549,1.777,0.019,2.715,slouch
21780,0.3119,0.0051,0.9234,-3.138,-1.653,-1.119,slouch
21800,0.3644,-0.0166,0.9456,1.289,0.598,-1.159,slouch
21820,0.3285,0.0704,0.9044,-1.067,-0.314,0.634,slouch
21840,0.3117,0.0708,0.9323,0.505,1.214,3.019,slouch
21860,0.3058,0.0105,0.9125,-1.374,1.348,-0.113,slouch
21880,0.3367,0.0153,0.9219,-0.953,0.923,-1.885,slouch
21900,0.3323,0.0192,0.8838,2.048,-1.334,0.016,slouch
21920,0.3151,0.0161,0.8742,3.635,-1.895,1.195,slouch
21940,0.3302,0.0098,0.9355,-1.221,0.818,-1.256,slouch
21960,0.2933,0.0311,0.9031,1.31,0.445,-0.459,slouch
21980,0.3428,-0.0166,0.9151,-2.196,-1.109,0.36,slouch
22000,0.412,-0.0071,0.9443,-1.288,0.084,-0.429,slouch
22020,0.3216,0.0081,0.9518,2.776,-1.41,-3.919,slouch
22040,0.3153,-0.0149,0.866,1.541,-0.148,-0.077,slouch
22060,0.3077,-0.0384,0.9237,-1.306,-0.742,0.723,slouch
22080,0.334,-0.0279,0.9452,2.956,0.74,-1.378,slouch
22100,0.3249,0.0346,0.8851,-0.346,-1.509,-0.652,slouch
22120,0.3107,0.0396,0.8765,0.632,0.431,0.386,slouch
22140,0.3495,0.0003,0.91,2.41,-2.011,0.021,slouch
22160,0.3575,-0.0161,0.9282,0.201,1.525,1.029,slouch
22180,0.3434,-0.0214,0.9227,-0.014,-1.236,0.486,slouch
22200,0.3636,-0.0203,0.9429,0.881,-1.879,-0.868,slouch
22220,0.29,-0.0098,0.8789,-1.802,1.899,1.269,slouch
22240,0.294,-0.012,0.9279,1.184,-2.894,-0.214,slouch
22260,0.3312,-0.0104,0.9362,0.616,3.486,2.289,slouch
22280,0.2894,-0.0006,0.9051,0.921,-0.776,2.767,slouch
22300,0.3223,0.0129,0.9036,0.801,1.314,-1.27,slouch
22320,0.3252,0.006,0.9408,1.126,1.71,2.382,slouch
22340,0.3667,0.009,0.897,-0.482,-1.19,-1.257,slouch
22360,0.3296,-0.0077,0.9132,-0.519,-1.522,0.804,slouch
22380,0.3184,0.0063,0.8876,-2.719,1.404,-0.294,slouch
22400,0.2926,0.0446,0.961,0.282,0.089,0.178,slouch
22420,0.3833,-0.0061,0.9282,0.649,1.392,0.253,slouch
22440,0.2587,-0.0372,0.9007,-0.593,0.257,0.062,slouch
22460,0.2963,0.0014,0.9346,-1.69,2.34,0.778,slouch
22480,0.3421,0.0382,0.9294,0.507,1.642,-0.216,slouch
22500,0.31,-0.0458,0.887,-0.406,-0.329,-1.019,slouch
22520,0.3587,0.0594,0.9387,-2.364,-0.035,1.088,slouch
22540,0.3507,-0.0198,0.9626,-0.633,-0.753,-0.217,slouch
22560,0.3648,0.0322,0.9414,-0.727,-2.065,-3.691,slouch
22580,0.3494,0.0071,0.8922,0.066,2.834,0.695,slouch
22600,0.36,-0.0185,0.8647,1.285,0.821,1.512,slouch
22620,0.3448,0.051,0.8716,0.416,-0.293,1.864,slouch
22640,0.3817,-0.0308,0.9177,1.614,0.549,2.106,slouch
22660,0.3901,0.0041,0.9236,0.793,-0.242,0.935,slouch
22680,0.3613,-0.0047,0.9343,0.984,0.163,-0.187,slouch
22700,0.3225,0.0428,0.9029,0.492,0.041,0.497,slouch
22720,0.3583,0.0216,0.9336,0.068,0.485,1.293,slouch
22740,0.3873,-0.0091,0.9202,-1.293,-0.566,0.46,slouch
22760,0.3585,-0.0319,0.9536,-1.084,-0.609,-0.537,slouch
22780,0.3581,0.0181,0.9342,1.177,0.335,1.753,slouch
22800,0.3572,0.0592,0.8768,1.902,1.027,-1.438,slouch
22820,0.3373,-0.0141,0.9277,-2.177,-0.483,-0.055,slouch
22840,0.3695,-0.053,0.9476,-2.772,1.077,0.452,slouch
22860,0.3609,0.041,0.9256,1.501,0.148,0.158,slouch
22880,0.388,0.0157,0.9187,-1.909,-2.797,-0.33,slouch
22900,0.3309,-0.0132,0.9204,-1.566,1.763,-0.805,slouch
22920,0.4191,-0.0045,0.9231,-0.77,1.293,0.911,slouch
22940,0.4237,-0.0162,0.9857,1.531,-0.174,3.247,slouch
22960,0.4072,0.0101,0.9227,1.025,4.296,3.192,slouch
22980,0.3934,-0.0428,0.9499,-3.229,-0.341,-2.087,slouch
23000,0.3632,0.0221,0.8441,-0.197,0.024,0.002,slouch
23020,0.3505,-0.004,0.9463,-1.478,2.415,1.413,slouch
23040,0.3293,0.0018,0.9657,-2.045,0.23,-2.289,slouch
23060,0.4017,-0.0232,0.93,0.099,2.411,-2.677,slouch
23080,0.3797,0.011,0.8675,1.321,-0.463,0.323,slouch
23100,0.3711,-0.0275,0.8886,-0.072,-0.863,-1.311,slouch
23120,0.4228,-0.0104,0.917,-2.618,-2.755,1.468,slouch
23140,0.4281,0.0167,0.8935,-1.069,-0.191,0.302,slouch
23160,0.391,-0.0747,0.8615,-0.018,-3.016,-0.384,slouch
23180,0.3736,-0.0265,0.9739,-0.278,0.441,0.132,slouch
23200,0.3683,-0.0096,0.8651,0.432,-1.069,-0.357,slouch
23220,0.3967,0.0192,0.8932,-1.223,-2.694,-0.416,slouch
23240,0.326,0.0108,0.8567,-0.378,0.574,1.191,slouch
23260,0.3199,-0.0258,0.8933,-1.763,-0.313,0.088,slouch
23280,0.3692,-0.0101,0.9405,-2.154,0.379,0.655,slouch
23300,0.3948,0.0211,0.9048,-0.379,-1.368,-0.693,slouch
23320,0.3967,-0.0383,0.8825,1.014,-3.175,2.437,slouch
23340,0.3489,0.0425,0.9073,1.232,-2.467,-0.907,slouch
23360,0.3859,-0.0622,0.9137,0.966,-0.897,-0.679,slouch
23380,0.3458,-0.0143,0.9095,1.521,1.176,-1.826,slouch
23400,0.3841,0.0392,0.9542,1.781,1.583,-0.793,slouch
23420,0.4265,0.008,0.8833,3.642,0.809,-1.673,slouch
23440,0.3484,-0.0087,0.8739,1.384,0.529,1.426,slouch
23460,0.348,0.0369,0.9491,1.612,0.745,0.242,slouch
23480,0.3072,-0.0025,0.9214,-1.397,0.715,0.141,slouch
23500,0.3909,0.0525,0.9305,-0.776,1.0,-0.529,slouch
23520,0.3279,-0.0232,0.9154,0.041,0.006,-0.676,slouch
23540,0.416,-0.0356,0.8782,0.732,0.371,1.21,slouch
23560,0.3717,-0.0102,0.9472,-1.052,-0.266,-0.853,slouch
23580,0.3282,-0.0166,0.9352,1.347,-1.878,-0.615,slouch
23600,0.321,0.0125,0.9317,0.595,-1.683,0.358,slouch
23620,0.3572,0.0103,0.8881,-1.658,0.321,-0.414,slouch
23640,0.3337,0.0557,0.9127,-1.015,0.881,2.484,slouch
23660,0.3622,-0.0469,0.923,2.027,0.248,0.686,slouch
23680,0.3222,-0.0641,0.9987,-3.127,-0.99,-0.185,slouch
23700,0.3425,0.065,0.9432,-0.183,0.056,0.76,slouch
23720,0.4357,-0.0404,0.9323,1.424,0.126,-0.67,slouch
23740,0.3302,0.0395,0.9557,-0.719,-0.715,1.381,slouch
23760,0.3243,0.0006,0.8496,-2.07,2.25,-2.655,slouch
23780,0.3429,-0.0009,0.8946,2.367,-3.617,1.567,slouch
23800,0.3454,-0.0086,0.9245,-1.03,0.892,-1.032,slouch
23820,0.3741,0.0564,0.9183,-2.229,-1.481,-0.981,slouch
23840,0.3517,0.0467,0.8801,0.895,0.443,1.178,slouch
23860,0.3482,-0.0262,0.9606,0.966,1.515,0.618,slouch
23880,0.3179,-0.0196,0.9252,3.93,-1.243,-0.348,slouch
23900,0.328,0.0079,0.8831,0.333,0.716,2.174,slouch
23920,0.3334,-0.0002,0.9463,-0.401,0.8,0.537,slouch
23940,0.3867,-0.0446,0.8645,-0.556,2.464,-3.079,slouch
23960,0.3507,-0.0452,0.9205,1.374,0.194,-2.073,slouch
23980,0.2876,0.0012,0.9471,-0.155,-3.498,0.428,slouch
24000,0.023,0.4396,0.9065,0.201,-1.204,0.238,lean
24020,-0.0204,0.4511,0.9053,3.67,0.672,-2.951,lean
24040,-0.0094,0.4867,0.8716,1.505,-0.252,-2.313,lean
24060,0.0261,0.4358,0.8854,0.067,-0.658,2.665,lean
24080,-0.0532,0.4679,0.9751,0.532,-0.155,0.575,lean
24100,0.0354,0.4285,0.8624,2.445,-0.214,-1.859,lean
24120,-0.019,0.4201,0.8814,2.738,-1.928,-2.047,lean
24140,0.0044,0.4345,0.8436,-0.299,-2.273,0.637,lean
24160,-0.0325,0.4304,0.8349,-0.878,1.856,0.505,lean
24180,-0.012,0.4378,0.8723,0.057,0.343,1.858,lean
24200,-0.0104,0.4231,0.8316,-0.181,-1.453,-1.07,lean
24220,-0.0203,0.4816,0.8999,0.861,2.521,1.249,lean
24240,-0.004,0.4276,0.8686,4.955,0.326,1.453,lean
24260,-0.0271,0.4014,0.8306,-2.004,0.81,-1.529,lean
24280,0.0068,0.426,0.8616,-0.291,-0.927,-0.311,lean
24300,0.0121,0.4911,0.8373,-0.818,0.713,0.123,lean
24320,0.0059,0.4685,0.884,-0.688,0.349,2.461,lean
24340,-0.0179,0.4407,0.8869,0.809,-0.095,-1.072,lean
24360,-0.044,0.4258,0.8472,-2.585,-0.405,0.678,lean
24380,0.0156,0.4646,0.8682,1.263,-0.23,1.974,lean
24400,-0.0324,0.4605,0.9059,-2.206,0.543,-1.138,lean
24420,-0.0731,0.4383,0.9237,0.689,0.868,0.476,lean
24440,0.0518,0.3987,0.9057,0.362,-1.198,1.087,lean
24460,-0.0007,0.4469,0.8858,0.864,-0.28,0.979,lean
24480,-0.0399,0.4605,0.925,-1.89,-0.975,3.733,lean
24500,-0.0221,0.4724,0.896,0.946,0.341,1.973,lean
24520,-0.0498,0.4228,0.8905,-3.465,-0.334,-2.224,lean
24540,-0.0626,0.4715,0.8917,1.379,0.569,-0.159,lean
24560,-0.0467,0.4982,0.8618,2.168,1.873,1.825,lean
24580,0.0111,0.4593,0.9174,0.232,-2.84,-1.879,lean
24600,-0.0113,0.4774,0.8551,0.622,0.761,-1.374,lean
24620,-0.0721,0.4302,0.8966,-1.646,0.114,0.566,lean
24640,0.0116,0.4903,0.9093,-0.298,0.21,0.852,lean
24660,0.026,0.4353,0.8515,0.511,-1.365,0.155,lean
24680,0.0127,0.4822,0.8538,-3.491,0.226,-2.244,lean
24700,-0.0236,0.4624,0.9312,-2.138,-0.448,1.79,lean
24720,0.0221,0.4515,0.8433,1.749,1.558,-2.269,lean
24740,-0.0237,0.428,0.9113,0.735,0.081,-1.38,lean
24760,0.0166,0.4632,0.9237,0.288,-0.233,0.011,lean
24780,0.0124,0.4319,0.8595,0.226,-2.01,0.629,lean
24800,-0.018,0.4327,0.8894,-1.095,1.347,-1.514,lean
24820,-0.0162,0.4584,0.8828,1.538,-1.897,1.236,lean
24840,0.0023,0.4215,0.9104,0.56,0.378,-1.053,lean
24860,0.0345,0.431,0.8287,-1.669,1.712,1.092,lean
24880,-0.0024,0.4641,0.8592,-0.918,-1.451,-1.766,lean
24900,-0.0263,0.4535,0.8845,1.027,0.289,-0.572,lean
24920,-0.0118,0.4397,0.8461,-1.292,-0.307,-0.812,lean
24940,0.0217,0.4211,0.9185,-1.821,-0.739,-0.521,lean
24960,0.0013,0.4832,0.9205,-0.689,-2.461,-1.006,lean
24980,0.0086,0.4676,0.8526,0.732,-0.001,0.187,lean
25000,0.0039,0.4845,0.8862,-0.469,2.087,-2.126,lean
25020,-0.0283,0.4535,0.9138,-2.269,-0.127,-1.299,lean
25040,-0.0118,0.4636,0.8445,0.567,0.495,1.445,lean
25060,0.0461,0.3909,0.872,-1.199,0.183,1.076,lean
25080,-0.013,0.4002,0.8728,-1.237,-2.249,0.431,lean
25100,-0.0106,0.5046,0.9175,2.474,-1.689,-1.584,lean
25120,0.0352,0.4523,0.9191,-1.156,-2.501,-0.245,lean
25140,0.0452,0.4752,0.9164,0.662,-1.074,0.517,lean
25160,0.0052,0.4503,0.8776,0.084,-0.925,-0.763,lean
25180,-0.033,0.509,0.9184,0.519,-0.619,0.307,lean
25200,-0.0124,0.4056,0.8989,-0.913,0.159,-1.002,lean
25220,0.0561,0.4373,0.9224,-0.325,0.992,-0.246,lean
25240,-0.0039,0.4364,0.8873,-0.235,-3.724,-1.877,lean
25260,0.056,0.4128,0.8512,0.482,0.826,-1.461,lean
25280,0.0227,0.5247,0.9073,-1.945,1.085,0.254,lean
25300,0.0015,0.4459,0.9132,0.548,1.231,0.413,lean
25320,0.0225,0.4625,0.8797,-1.238,-0.296,-2.601,lean
25340,-0.0112,0.44,0.9051,-0.534,-1.018,-0.975,lean
25360,0.0497,0.4801,0.9389,1.78,1.851,-3.655,lean
25380,0.0335,0.454,0.85,1.888,1.348,-0.976,lean
25400,0.0389,0.4521,0.9205,-1.44,-1.128,2.222,lean
25420,-0.0256,0.4308,0.8998,-0.639,0.833,0.584,lean
25440,0.0507,0.4511,0.9222,0.694,-2.191,-0.764,lean
25460,0.0499,0.472,0.8754,-0.397,0.927,-0.059,lean
25480,0.0243,0.4579,0.9078,0.376,0.51,0.264,lean
25500,0.0225,0.5062,0.8584,-0.248,-0.616,-0.575,lean
25520,0.0456,0.4782,0.8464,0.149,-0.366,-0.693,lean
25540,0.0451,0.4582,0.8643,1.099,-1.202,-1.643,lean
25560,-0.0042,0.3998,0.8906,-1.565,-2.163,1.318,lean
25580,-0.0163,0.4543,0.8467,0.109,1.115,2.733,lean
25600,0.0733,0.4536,0.8728,-2.032,0.165,-0.586,lean
25620,0.0431,0.4532,0.9325,0.865,-0.534,-1.829,lean
25640,0.0489,0.5209,0.8187,0.536,-0.572,2.548,lean
25660,0.0054,0.4748,0.8853,-2.587,-4.166,-1.072,lean
25680,-0.0052,0.4502,0.9025,-0.362,-1.466,-0.046,lean
25700,0.0206,0.4297,0.9025,0.717,2.28,-2.86,lean
25720,0.0125,0.4593,0.9084,-0.275,0.222,-1.406,lean
25740,0.0492,0.4857,0.8598,0.449,2.849,-1.041,lean
25760,0.0432,0.3853,0.8143,-0.335,-2.92,1.755,lean
25780,0.0575,0.4308,0.8693,2.399,0.632,-0.297,lean
25800,-0.0063,0.4293,0.8499,-1.7,-0.476,4.078,lean
25820,0.0732,0.4225,0.9079,-1.008,-0.402,1.654,lean
25840,0.0197,0.3994,0.9239,-1.273,0.191,-1.339,lean
25860,0.0232,0.3994,0.8719,-0.823,-0.332,1.214,lean
25880,0.0274,0.4917,0.845,-0.533,2.646,0.366,lean
25900,-0.0087,0.4588,0.9235,-0.68,2.09,0.9,lean
25920,0.0325,0.4789,0.8916,-1.577,1.968,-0.078,lean
25940,0.0531,0.4052,0.8925,0.435,-3.821,1.767,lean
25960,-0.0291,0.4277,0.8936,-0.773,-0.346,-0.09,lean
25980,0.0802,0.4257,0.8931,-2.135,-0.478,-0.549,lean
26000,0.0459,0.4698,0.8713,1.812,-1.986,0.321,lean
26020,0.0165,0.4649,0.8982,2.545,0.788,0.885,lean
26040,0.0296,0.4455,0.8947,-3.028,0.132,1.574,lean
26060,-0.0051,0.4604,0.8999,-1.251,-1.11,-0.787,lean
26080,0.0214,0.4979,0.8557,1.506,-1.106,1.005,lean
26100,0.0182,0.4164,0.8416,0.482,-2.359,0.39,lean
26120,0.0644,0.4111,0.8705,-0.475,-1.352,1.055,lean
26140,0.0482,0.4413,0.8825,0.658,-0.618,-0.783,lean
26160,-0.0118,0.4252,0.8378,0.188,2.283,2.015,lean
26180,-0.0201,0.5014,0.9213,-0.936,-2.734,1.202,lean
26200,-0.0013,0.4473,0.8886,2.209,-1.248,-0.916,lean
26220,0.022,0.5213,0.9149,0.678,-0.601,-1.736,lean
26240,0.0258,0.4753,0.89,0.312,-2.958,2.355,lean
26260,-0.0245,0.4539,0.8414,-1.495,-0.645,2.319,lean
26280,-0.0146,0.4306,0.8644,3.199,-0.23,-2.162,lean
26300,0.0186,0.4096,0.8881,0.975,-1.282,-2.435,lean
26320,-0.0087,0.4543,0.9041,-1.724,-0.505,2.576,lean
26340,-0.0265,0.4122,0.8915,-3.289,2.631,0.567,lean
26360,0.0963,0.3998,0.9021,-1.708,0.651,-1.556,lean
26380,0.0022,0.4822,0.8995,1.14,0.49,1.057,lean
26400,-0.0402,0.4267,0.837,-2.208,2.355,-1.126,lean
26420,-0.0049,0.3939,0.8928,1.321,-1.253,3.201,lean
26440,0.0122,0.4277,0.8768,-1.065,-1.329,0.481,lean
26460,-0.0006,0.4592,0.9064,-0.157,1.442,-2.598,lean
26480,0.0394,0.473,0.826,-1.069,0.711,1.898,lean
26500,0.0166,0.4514,0.8886,0.126,-3.064,0.31,lean
26520,-0.0018,0.4756,0.8825,-1.493,0.354,-0.442,lean
26540,-0.0223,0.4772,0.9226,0.096,-1.532,-2.413,lean
26560,-0.0326,0.4239,0.8449,0.494,2.196,2.084,lean
26580,0.0138,0.4825,0.8838,-1.067,0.399,0.965,lean
26600,0.0691,0.4025,0.8634,-0.34,-0.083,-1.179,lean
26620,-0.0342,0.414,0.9024,3.075,-3.457,-2.109,lean
26640,-0.0036,0.4356,0.9349,-1.799,-0.179,-0.178,lean
26660,-0.0337,0.5124,0.8479,-1.037,0.683,-1.653,lean
26680,-0.0286,0.4162,0.8657,-2.317,-0.871,-0.905,lean
26700,-0.0131,0.4442,0.8848,-3.155,0.563,-0.328,lean
26720,0.0039,0.4731,0.9204,0.893,-0.48,-0.084,lean
26740,-0.0183,0.4337,0.8838,0.783,-0.437,2.872,lean
26760,-0.0188,0.4507,0.8693,1.43,2.062,0.542,lean
26780,-0.036,0.4515,0.8007,-0.221,0.435,0.15,lean
26800,-0.0157,0.4658,0.8828,-1.346,-0.25,3.609,lean
26820,-0.0488,0.4213,0.8937,1.094,0.62,1.317,lean
26840,-0.0031,0.481,0.8431,-1.395,-0.149,-2.544,lean
26860,-0.0263,0.4529,0.8856,0.789,1.264,1.434,lean
26880,0.0219,0.4766,0.9088,-1.536,2.121,-0.785,lean
26900,-0.0458,0.4472,0.8571,-1.217,-0.698,-1.405,lean
26920,0.022,0.4155,0.8291,-1.831,-0.165,-1.447,lean
26940,-0.0434,0.4775,0.8732,-3.184,-0.583,0.599,lean
26960,0.0012,0.4736,0.8815,-0.1,-2.246,1.081,lean
26980,-0.0344,0.4792,0.8886,0.63,0.132,-0.773,lean
27000,0.0053,0.4696,0.9061,-2.689,-1.133,0.07,lean
27020,-0.06,0.4352,0.885,-1.079,-0.053,3.588,lean
27040,-0.05,0.4677,0.8804,2.153,1.399,-0.062,lean
27060,-0.0085,0.4647,0.8967,-0.214,1.958,-0.146,lean
27080,0.0192,0.4814,0.9296,3.561,-0.434,1.872,lean
27100,-0.0106,0.4724,0.9059,2.445,-1.807,-1.303,lean
27120,0.0275,0.4689,0.8855,0.699,0.776,-0.353,lean
27140,-0.0234,0.4298,0.8932,-1.406,-0.755,1.431,lean
27160,-0.0285,0.4738,0.8493,1.741,-1.779,-1.614,lean
27180,-0.0187,0.4696,0.8783,0.205,0.204,-0.539,lean
27200,-0.0248,0.4569,0.9018,2.369,-0.407,2.57,lean
27220,-0.0329,0.4227,0.8374,2.478,1.932,-1.992,lean
27240,-0.0429,0.4068,0.9149,0.966,1.537,-2.419,lean
27260,-0.0325,0.4014,0.9189,3.487,-2.213,1.376,lean
27280,-0.0067,0.4611,0.9069,-0.7,-1.591,-1.231,lean
27300,-0.0065,0.4367,0.8435,-0.387,-0.907,-2.901,lean
27320,-0.0031,0.4146,0.9175,2.693,-2.438,-0.172,lean
27340,-0.0092,0.39,0.9284,0.717,-0.641,-2.176,lean
27360,-0.0318,0.4311,0.9166,0.724,-0.887,0.615,lean
27380,0.0127,0.4372,0.9052,0.291,-1.574,1.592,lean
27400,-0.0236,0.4319,0.8722,2.093,1.128,-0.309,lean
27420,-0.0803,0.4446,0.8749,2.997,0.016,2.468,lean
27440,-0.0181,0.5134,0.8991,1.012,-0.643,-1.91,lean
27460,-0.0394,0.4346,0.8826,-0.18,2.053,1.204,lean
27480,-0.0587,0.4729,0.8639,0.861,1.723,-1.414,lean
27500,-0.002,0.4317,0.9293,-0.239,1.555,0.287,lean
27520,-0.028,0.4507,0.8204,-1.306,1.933,1.513,lean
27540,-0.0222,0.4415,0.9194,-2.156,-1.031,0.432,lean
27560,-0.0187,0.4883,0.8665,1.746,0.05,0.896,lean
27580,0.0224,0.4503,0.8574,-1.488,0.225,2.973,lean
27600,0.0172,0.4568,0.8882,1.062,1.208,-1.38,lean
27620,-0.0216,0.4333,0.8585,-0.375,1.081,1.575,lean
27640,0.0002,0.4032,0.8993,-0.642,-0.84,-0.327,lean
27660,0.0039,0.4507,0.8329,0.842,3.472,0.547,lean
27680,-0.0391,0.3893,0.8703,0.905,1.419,-0.853,lean
27700,-0.0244,0.406,0.8939,1.488,-1.115,-0.65,lean
27720,0.015,0.4462,0.8455,0.737,0.903,-1.486,lean
27740,-0.01,0.4942,0.8663,-1.885,-0.106,-2.578,lean
27760,-0.0143,0.4567,0.8628,-0.043,1.345,3.87,lean
27780,-0.0202,0.5014,0.8832,1.372,1.037,1.542,lean
27800,0.0379,0.4706,0.8839,-0.448,2.216,-0.81,lean
27820,0.0095,0.4846,0.8387,-0.54,-1.023,1.085,lean
27840,0.0297,0.4629,0.8498,0.431,1.13,-1.35,lean
27860,0.0489,0.3774,0.8672,-0.551,0.08,0.034,lean
27880,0.0527,0.4405,0.857,3.466,-0.7,-2.111,lean
27900,0.0157,0.4913,0.8363,-1.215,-1.397,2.059,lean
27920,0.0199,0.4495,0.9235,0.34,-2.185,-1.335,lean
27940,0.0447,0.4812,0.9444,1.931,0.058,-1.946,lean
27960,0.0052,0.4337,0.8769,0.522,-1.434,-2.147,lean
27980,0.0021,0.4889,0.9318,3.083,-0.245,0.216,lean
28000,0.0022,0.4349,0.8981,0.641,-3.271,-0.088,lean
28020,0.0016,0.4087,0.8782,-0.295,0.763,-0.811,lean
28040,-0.0179,0.47,0.8944,1.345,-1.762,-0.379,lean
28060,0.0068,0.5194,0.8211,2.267,1.645,-2.101,lean
28080,0.0005,0.4017,0.8589,-0.1,1.377,-2.54,lean
28100,0.0144,0.4134,0.8954,3.928,-0.375,-0.452,lean
28120,0.0414,0.4501,0.8731,1.705,0.157,-0.266,lean
28140,-0.0077,0.4497,0.845,-0.716,1.084,2.742,lean
28160,0.0434,0.4325,0.9006,-0.491,1.983,-2.444,lean
28180,-0.0226,0.469,0.8543,1.098,-1.223,1.558,lean
28200,0.0184,0.4653,0.8743,-0.794,-3.096,0.194,lean
28220,0.032,0.4589,0.8658,0.224,1.937,1.868,lean
28240,0.0485,0.4718,0.8637,4.058,1.251,0.781,lean
28260,-0.0011,0.4851,0.9051,-0.306,1.563,-2.036,lean
28280,0.0139,0.4472,0.8759,0.924,0.253,-2.927,lean
28300,0.0436,0.4602,0.8812,-3.256,-1.099,-0.246,lean
28320,0.0563,0.4852,0.8681,-0.622,-2.261,0.545,lean
28340,0.0384,0.422,0.8594,0.129,-0.916,-0.468,lean
28360,-0.0103,0.481,0.8529,-0.152,0.375,0.629,lean
28380,0.0034,0.4824,0.9453,-1.532,-1.824,-0.267,lean
28400,0.027,0.479,0.8487,-1.534,-0.516,-0.112,lean
28420,0.0176,0.4876,0.8673,-0.897,1.496,-0.351,lean
28440,-0.0166,0.4731,0.8883,1.796,0.8,-0.601,lean
28460,0.0353,0.4667,0.9096,1.873,0.453,1.414,lean
28480,0.0046,0.4268,0.8655,-0.46,-1.086,0.802,lean
28500,0.0221,0.3812,0.8812,-1.766,-0.422,0.561,lean
28520,0.0367,0.4411,0.9354,-0.204,-2.423,-0.856,lean
28540,-0.0474,0.4269,0.8972,0.335,1.356,-0.98,lean
28560,-0.0023,0.4643,0.9052,-0.652,-3.239,2.767,lean
28580,-0.0331,0.4147,0.8295,-0.617,0.759,-1.604,lean
28600,0.0671,0.4091,0.9032,1.845,-0.478,-0.253,lean
28620,-0.0347,0.4809,0.8545,-2.889,-0.253,-1.56,lean
28640,0.0062,0.4335,0.9063,0.688,0.777,-0.126,lean
28660,-0.0115,0.4478,0.9366,1.565,1.332,1.088,lean
28680,0.0283,0.4671,0.8127,1.543,-1.272,0.724,lean
28700,0.035,0.4775,0.9166,0.896,-0.015,3.434,lean
28720,0.017,0.4575,0.8473,0.292,-0.026,0.614,lean
28740,-0.0062,0.5068,0.9319,-0.271,0.961,-2.387,lean
28760,-0.0354,0.4557,0.8984,0.955,0.622,-0.665,lean
28780,-0.0158,0.394,0.7804,-0.322,2.59,-1.782,lean
28800,0.0074,0.4395,0.8579,-0.954,2.107,-1.091,lean
28820,0.0005,0.425,0.8922,-1.022,-0.243,3.772,lean
28840,0.0173,0.4047,0.8976,-0.155,-2.33,0.783,lean
28860,-0.0163,0.4101,0.9266,-0.104,-2.633,-0.84,lean
28880,0.0596,0.4417,0.8556,-1.206,1.247,1.428,lean
28900,0.0348,0.4734,0.8986,-3.96,-0.387,0.64,lean
28920,0.0159,0.4612,0.8707,-1.727,-2.137,-1.357,lean
28940,0.0108,0.4878,0.8747,-1.152,-2.085,-1.345,lean
28960,-0.002,0.4045,0.8833,0.24,1.184,-0.905,lean
28980,-0.0145,0.4736,0.8675,-0.418,1.096,0.391,lean
29000,-0.0344,0.4723,0.8454,0.723,-1.382,-0.496,lean
29020,0.0694,0.4462,0.8245,-1.11,2.436,-1.023,lean
29040,-0.0085,0.429,0.9004,-0.247,-1.322,-1.919,lean
29060,0.0279,0.423,0.9217,-0.056,-0.729,1.12,lean
29080,0.0092,0.4697,0.9517,2.766,0.009,-0.306,lean
29100,-0.0374,0.4133,0.891,0.814,0.929,3.759,lean
29120,-0.0288,0.4663,0.8947,-1.591,0.986,1.209,lean
29140,-0.0312,0.455,0.875,0.49,0.277,0.583,lean
29160,0.0264,0.4582,0.8653,0.146,-1.465,2.504,lean
29180,-0.0038,0.465,0.8567,0.034,0.926,1.658,lean
29200,0.0051,0.4927,0.8159,0.631,-2.589,0.719,lean
29220,-0.0301,0.4595,0.8873,-1.045,3.816,1.42,lean
29240,0.0171,0.4585,0.841,-1.072,1.001,1.299,lean
29260,-0.0287,0.449,0.8761,2.093,1.98,-0.374,lean
29280,-0.0125,0.4457,0.8712,1.986,1.522,-0.582,lean
29300,-0.0129,0.4758,0.8819,0.008,-0.891,-1.656,lean
29320,-0.0408,0.4745,0.845,0.018,-2.207,0.207,lean
29340,0.0104,0.4636,0.8272,2.969,0.829,-0.94,lean
29360,0.0107,0.4598,0.8725,0.453,-0.717,-1.044,lean
29380,-0.0573,0.4643,0.9238,-0.512,-4.179,-0.488,lean
29400,-0.0149,0.4588,0.8709,4.038,-0.557,0.721,lean
29420,-0.0058,0.4707,0.8861,-1.358,-0.079,1.904,lean
29440,-0.0615,0.4002,0.8963,-0.18,2.82,0.106,lean
29460,-0.0066,0.4765,0.8749,-2.147,-0.811,1.629,lean
29480,-0.0571,0.4515,0.9124,-0.062,-0.69,1.696,lean
29500,0.02,0.4648,0.8884,1.565,-0.461,0.677,lean
29520,-0.044,0.4474,0.8218,0.047,0.657,1.064,lean
29540,-0.0205,0.4588,0.8727,-0.972,1.406,3.129,lean
29560,-0.046,0.4924,0.8494,-0.733,-0.273,-0.075,lean
29580,-0.0076,0.4588,0.8815,-1.241,-0.249,-1.464,lean
29600,-0.0071,0.4712,0.9127,-0.451,0.5,2.488,lean
29620,-0.0277,0.4908,0.8801,-1.139,-1.006,0.855,lean
29640,-0.0568,0.4529,0.8818,0.335,1.908,0.194,lean
29660,-0.0332,0.4654,0.9003,-1.174,0.594,1.123,lean
29680,-0.026,0.4909,0.9203,-1.153,-1.29,0.916,lean
29700,-0.0122,0.4231,0.9119,2.164,0.477,2.198,lean
29720,-0.029,0.4524,0.8562,0.821,-1.461,1.131,lean
29740,-0.0595,0.4584,0.8437,-0.259,0.883,0.836,lean
29760,-0.0231,0.4127,0.8433,-0.055,-0.471,1.658,lean
29780,-0.0242,0.4668,0.8893,0.668,0.566,-1.737,lean
29800,0.0165,0.3898,0.9391,0.967,-1.534,3.761,lean
29820,-0.0207,0.4744,0.8582,-0.903,-0.706,0.629,lean
29840,-0.0515,0.4516,0.889,-0.14,-1.139,-2.892,lean
29860,-0.0162,0.4192,0.8892,1.063,-0.586,-0.318,lean
29880,-0.0443,0.4077,0.875,1.377,0.379,0.98,lean
29900,-0.0173,0.5119,0.87,2.014,1.461,0.285,lean
29920,-0.0179,0.462,0.8958,-2.808,-0.423,-0.746,lean
29940,-0.0363,0.4372,0.9069,-1.337,-0.216,-0.896,lean
29960,-0.0338,0.4148,0.8835,-1.155,0.721,-1.012,lean
29980,0.0026,0.4298,0.8166,-0.27,-0.502,0.187,lean
30000,0.0163,0.4587,0.9065,2.404,3.544,1.042,lean
30020,0.0193,0.4732,0.838,-0.181,1.042,-0.564,lean
30040,-0.0171,0.4664,0.8063,0.929,-2.041,-0.638,lean
30060,-0.0253,0.5136,0.897,-0.646,-0.045,1.637,lean
30080,-0.0059,0.4134,0.8898,1.627,0.518,0.942,lean
30100,0.0052,0.4983,0.925,-0.55,2.296,1.898,lean
30120,-0.0263,0.4541,0.8526,2.783,0.292,1.777,lean
30140,0.0539,0.5324,0.885,-1.485,-0.393,-0.445,lean
30160,0.0173,0.5038,0.8396,-1.086,0.448,1.809,lean
30180,0.0328,0.4322,0.8711,-0.844,-3.546,-1.673,lean
30200,-0.0134,0.4258,0.9315,1.113,-1.815,-0.916,lean
30220,-0.07,0.4497,0.886,-0.193,-2.457,-0.333,lean
30240,-0.0353,0.4985,0.922,-0.368,-0.696,-0.93,lean
30260,-0.0322,0.4384,0.869,0.038,0.174,-0.477,lean
30280,0.018,0.4957,0.8815,0.01,-1.419,0.106,lean
30300,0.0378,0.4435,0.9301,-1.237,-0.055,-0.595,lean
30320,0.0118,0.479,0.8814,0.62,-0.65,-0.365,lean
30340,-0.0283,0.4326,0.8619,0.351,1.806,-0.434,lean
30360,-0.0299,0.4264,0.8541,2.149,0.78,-1.318,lean
30380,0.001,0.5156,0.8545,0.564,0.124,0.763,lean
30400,0.0005,0.4539,0.8997,0.345,2.039,-0.57,lean
30420,-0.0047,0.478,0.9106,-2.323,1.883,1.378,lean
30440,0.0381,0.4512,0.9148,0.205,-0.488,1.495,lean
30460,0.0683,0.4574,0.8913,-0.591,0.032,1.715,lean
30480,-0.0289,0.4472,0.9312,-0.107,1.618,0.466,lean
30500,0.0489,0.4769,0.8847,-1.171,0.626,-0.736,lean
30520,0.0149,0.4238,0.8814,0.139,1.515,0.19,lean
30540,0.0149,0.4368,0.8728,-1.747,0.582,0.293,lean
30560,0.0507,0.4673,0.9247,1.013,-0.062,-0.828,lean
30580,0.0434,0.462,0.8927,-0.787,1.367,1.357,lean
30600,0.0114,0.4496,0.8852,-1.736,1.424,1.474,lean
30620,0.0155,0.3683,0.8748,0.615,-0.924,-0.154,lean
30640,0.0056,0.4878,0.8766,0.994,-2.211,-1.663,lean
30660,0.0459,0.4765,0.8992,-1.832,-0.743,-0.069,lean
30680,0.0547,0.4173,0.9342,-0.791,0.152,-0.873,lean
30700,0.0276,0.4744,0.8869,-0.479,0.55,4.331,lean
30720,-0.0083,0.4458,0.9119,-1.536,-2.68,-5.073,lean
30740,0.0384,0.4416,0.894,-1.024,-1.413,-0.534,lean
30760,0.03,0.4106,0.847,0.456,1.678,-0.06,lean
30780,0.0379,0.4438,0.8744,1.56,3.088,-1.898,lean
30800,-0.0067,0.446,0.8663,-2.283,1.53,0.063,lean
30820,-0.0092,0.447,0.8587,-0.684,1.715,2.347,lean
30840,0.0073,0.4227,0.8628,1.15,-2.167,-0.679,lean
30860,0.0528,0.4705,0.8666,1.204,1.881,1.199,lean
30880,0.0097,0.4968,0.8754,-1.867,-0.128,-2.243,lean
30900,0.0416,0.4298,0.8956,-0.396,2.583,0.981,lean
30920,0.0126,0.4678,0.9094,2.701,-0.214,1.637,lean
30940,0.0234,0.4185,0.8731,-0.049,0.867,0.348,lean
30960,0.0207,0.4494,0.9112,1.314,-1.66,0.226,lean
30980,0.0372,0.4515,0.8626,2.229,0.146,-1.617,lean
31000,0.0541,0.4915,0.846,0.714,0.307,0.173,lean
31020,-0.0123,0.3947,0.9119,-1.076,-0.625,-0.991,lean
31040,-0.0157,0.4255,0.8413,-0.417,-1.266,-1.573,lean
31060,-0.0021,0.4739,0.8673,2.019,0.164,0.374,lean
31080,0.0436,0.4421,0.8422,-0.483,1.826,-0.753,lean
31100,0.0109,0.4438,0.8791,-2.058,-0.666,0.499,lean
31120,-0.0025,0.4967,0.8923,2.765,-2.54,0.081,lean
31140,0.0783,0.3928,0.8977,0.166,0.16,-0.936,lean
31160,0.0115,0.4687,0.8753,1.987,1.315,-0.012,lean
31180,0.0153,0.4525,0.8922,-0.217,0.354,-1.139,lean
31200,-0.0089,0.4168,0.8284,-1.249,2.632,1.391,lean
31220,0.0289,0.4409,0.8675,1.474,-0.6,-2.942,lean
31240,-0.0115,0.454,0.8628,1.144,-0.448,-0.469,lean
31260,0.0062,0.4708,0.8532,-0.393,-0.405,0.366,lean
31280,-0.0145,0.4429,0.8724,-1.393,-2.3,-0.299,lean
31300,-0.0052,0.4515,0.8665,-1.107,0.685,0.581,lean
31320,-0.0276,0.4582,0.8856,0.577,-1.752,0.113,lean
31340,-0.0325,0.4424,0.9196,-0.496,1.432,2.299,lean
31360,-0.0173,0.5048,0.8896,-2.94,-2.38,0.734,lean
31380,-0.0877,0.4173,0.8603,0.758,-1.626,-0.997,lean
31400,-0.0139,0.4047,0.9128,-0.314,-0.485,-1.104,lean
31420,0.0065,0.3838,0.9039,2.123,-1.425,-1.054,lean
31440,-0.0009,0.4361,0.8916,2.523,0.396,1.615,lean
31460,-0.0148,0.4501,0.8461,1.334,-0.043,2.256,lean
31480,-0.0259,0.4975,0.8676,0.108,0.055,0.831,lean
31500,0.0027,0.4645,0.8826,-0.171,0.633,-1.819,lean
31520,0.0468,0.4421,0.9108,-0.387,-1.209,-1.063,lean
31540,0.0031,0.3908,0.9466,0.7,0.994,0.638,lean
31560,-0.0414,0.4753,0.908,-0.374,-1.495,1.408,lean
31580,0.039,0.4849,0.8776,-2.984,0.01,-0.862,lean
31600,-0.0074,0.4943,0.875,-0.944,2.049,-1.987,lean
31620,-0.0356,0.4215,0.8657,-0.469,-0.123,-1.054,lean
31640,0.0326,0.4303,0.8402,-3.033,1.652,3.255,lean
31660,-0.0034,0.4527,0.8858,1.433,-0.653,-0.327,lean
31680,-0.032,0.4135,0.9383,-2.709,0.738,-2.739,lean
31700,0.01,0.4896,0.8647,-0.728,-0.283,1.43,lean
31720,-0.0245,0.4179,0.8368,-0.224,0.256,-1.141,lean
31740,-0.036,0.4246,0.8969,0.008,1.177,2.165,lean
31760,0.0185,0.492,0.8987,-3.163,-0.976,-0.109,lean
31780,-0.0036,0.4545,0.8836,1.244,0.509,-1.53,lean
31800,0.0568,0.4664,0.8642,-1.301,-1.93,-0.551,lean
31820,-0.0499,0.48,0.8903,-1.928,-1.12,-0.539,lean
31840,-0.0122,0.4584,0.8868,-0.646,-0.842,-0.256,lean
31860,0.0311,0.4362,0.8861,0.792,0.869,0.094,lean
31880,-0.0081,0.471,0.8412,-2.354,1.67,0.653,lean
31900,0.027,0.4298,0.8946,0.732,-1.931,1.589,lean
31920,0.0114,0.4259,0.8449,1.276,0.161,-0.371,lean
31940,-0.0409,0.4514,0.8497,0.572,1.641,0.507,lean
31960,0.0318,0.446,0.8044,-1.786,-1.537,2.508,lean
31980,-0.0544,0.4396,0.8884,-0.672,-1.162,1.016,lean
32000,-0.0412,0.4148,0.8597,-1.341,0.712,0.451,lean
32020,0.0055,0.4521,0.8863,-0.954,0.618,-1.133,lean
32040,-0.0544,0.4371,0.8501,0.697,-1.863,-0.621,lean
32060,0.0235,0.4926,0.885,1.112,-1.121,-1.089,lean
32080,-0.01,0.4509,0.9283,0.043,-2.374,-0.367,lean
32100,-0.0244,0.4223,0.8614,-1.994,1.115,-0.062,lean
32120,0.0125,0.4386,0.9062,-1.136,0.928,1.722,lean
32140,-0.0134,0.4584,0.8886,2.385,1.15,-0.596,lean
32160,-0.0679,0.425,0.8659,0.865,0.223,-2.888,lean
32180,-0.0292,0.436,0.8451,-1.287,-3.173,0.758,lean
32200,0.0114,0.486,0.8833,2.16,-2.337,0.998,lean
32220,-0.0236,0.455,0.8681,1.283,-1.105,2.112,lean
32240,0.011,0.4379,0.8878,-0.575,1.203,0.526,lean
32260,-0.0312,0.462,0.8731,0.193,1.969,1.179,lean
32280,-0.02,0.4594,0.9154,-0.69,0.375,0.175,lean
32300,-0.0568,0.4906,0.895,-1.234,1.14,-2.085,lean
32320,0.0254,0.4882,0.897,-3.528,0.443,1.485,lean
32340,-0.0411,0.465,0.8725,1.754,-0.536,1.538,lean
32360,-0.0305,0.4721,0.8865,0.597,-1.573,-0.596,lean
32380,-0.0413,0.4013,0.8656,-0.272,-0.057,0.948,lean
32400,-0.0343,0.4926,0.8523,0.024,1.5,-0.759,lean
32420,0.0097,0.4653,0.876,0.459,-0.057,-2.62,lean
32440,-0.0281,0.4504,0.8791,1.67,1.005,-2.181,lean
32460,0.0324,0.4352,0.8568,1.866,-1.012,-1.817,lean
32480,-0.0026,0.5632,0.9057,-0.105,-0.124,2.114,lean
32500,-0.0433,0.4164,0.8957,-3.976,0.602,0.755,lean
32520,0.0088,0.4461,0.8667,-0.049,-0.642,-0.49,lean
32540,0.0107,0.4228,0.8669,2.773,1.61,2.894,lean
32560,-0.0406,0.4356,0.9452,0.962,-0.667,0.832,lean
32580,-0.0133,0.4331,0.8696,1.112,0.168,1.666,lean
32600,0.0207,0.4923,0.8687,-2.473,-2.07,1.812,lean
32620,0.0093,0.4441,0.8583,1.008,0.253,1.843,lean
32640,-0.053,0.4792,0.8753,-1.863,-0.324,-2.35,lean
32660,-0.0307,0.4849,0.9164,0.102,0.323,-0.652,lean
32680,0.0007,0.4318,0.8549,-0.755,1.943,-1.268,lean
32700,-0.0156,0.4668,0.8229,-2.356,1.191,-2.621,lean
32720,-0.0138,0.4689,0.9358,-0.853,0.787,-0.045,lean
32740,0.0282,0.4457,0.8424,1.147,-1.347,-2.637,lean
32760,0.0203,0.4113,0.8214,1.168,0.572,0.264,lean
32780,0.0184,0.4117,0.8748,-0.028,0.804,0.25,lean
32800,-0.0327,0.4299,0.8982,-0.528,-0.008,-1.645,lean
32820,-0.0205,0.4677,0.8655,3.487,-0.265,-1.76,lean
32840,0.0596,0.5246,0.9078,0.974,-1.446,-0.241,lean
32860,-0.0343,0.4436,0.8813,-2.231,-0.629,0.697,lean
32880,-0.0014,0.4318,0.881,1.336,-1.914,-2.157,lean
32900,-0.0138,0.4009,0.8352,2.358,3.092,0.413,lean
32920,0.0099,0.4438,0.8462,-1.159,0.141,-0.955,lean
32940,0.0498,0.3809,0.8203,-0.648,2.714,1.956,lean
32960,0.0117,0.4434,0.8841,0.531,-1.085,-0.11,lean
32980,-0.0035,0.4445,0.8876,0.959,0.872,2.029,lean
33000,0.033,0.448,0.8917,-0.186,2.242,1.582,lean
33020,-0.0138,0.4378,0.8397,-3.014,-0.78,1.458,lean
33040,0.0064,0.4452,0.8821,0.658,0.265,-0.575,lean
33060,0.0307,0.3729,0.873,2.299,1.048,-0.15,lean
33080,0.0076,0.4655,0.9811,0.597,1.181,3.205,lean
33100,0.0009,0.4779,0.8661,0.07,0.469,-0.601,lean
33120,-0.0317,0.3997,0.9426,0.553,0.955,-0.931,lean
33140,-0.0123,0.426,0.8677,-3.028,-1.317,-0.43,lean
33160,-0.034,0.4642,0.8465,0.224,-3.315,-2.174,lean
33180,0.0079,0.4765,0.8614,-2.358,0.978,-0.271,lean
33200,-0.0182,0.434,0.901,-2.326,-1.164,-0.287,lean
33220,0.0325,0.4248,0.8637,0.039,1.333,-2.308,lean
33240,0.0435,0.4457,0.8548,0.158,1.281,-0.193,lean
33260,-0.0091,0.4648,0.834,-1.8,-1.774,-1.229,lean
33280,0.0418,0.511,0.8819,-0.597,-1.201,1.194,lean
33300,-0.001,0.4625,0.8136,0.444,-0.614,-3.33,lean
33320,0.0148,0.4386,0.8789,-1.007,1.651,0.802,lean
33340,0.0088,0.4459,0.8838,1.146,-0.802,-1.526,lean
33360,0.0629,0.4341,0.8801,0.598,1.05,0.386,lean
33380,0.0458,0.4187,0.8845,-0.115,0.75,0.347,lean
33400,0.0334,0.4191,0.9135,0.749,-0.681,0.206,lean
33420,0.0161,0.4358,0.8999,0.832,-1.514,1.756,lean
33440,0.0483,0.4911,0.9461,1.73,-0.793,-0.598,lean
33460,0.0014,0.4578,0.9468,-3.875,0.044,1.024,lean
33480,0.0586,0.4661,0.9154,0.446,0.15,0.194,lean
33500,-0.0225,0.48,0.8761,0.433,-0.516,-1.139,lean
33520,-0.0138,0.4372,0.8651,0.704,-0.275,1.403,lean
33540,0.0631,0.4235,0.7714,-0.734,-0.456,1.158,lean
33560,0.0483,0.4206,0.9167,-0.215,-0.405,-2.14,lean
33580,0.0167,0.4763,0.8596,1.398,-0.244,-0.048,lean
33600,0.0405,0.4842,0.8702,-2.751,0.927,-0.262,lean
33620,-0.0151,0.4081,0.8815,-0.632,1.652,-2.939,lean
33640,-0.0153,0.4227,0.91,2.386,2.016,1.508,lean
33660,0.0416,0.4804,0.891,-0.261,0.271,1.358,lean
33680,-0.0294,0.4346,0.8477,-0.674,-4.165,-1.67,lean
33700,0.0107,0.4148,0.865,-0.284,-1.175,-1.021,lean
33720,-0.0075,0.4333,0.9214,1.22,-0.845,2.093,lean
33740,0.0687,0.4253,0.8796,-1.084,2.121,-1.349,lean
33760,0.0125,0.4332,0.8486,-0.624,1.588,-2.591,lean
33780,-0.0157,0.4673,0.8863,-1.109,3.21,-0.285,lean
33800,-0.0416,0.4473,0.8519,2.415,5.326,2.796,lean
33820,0.0524,0.4591,0.8853,2.001,-0.601,3.368,lean
33840,0.0118,0.3969,0.878,-0.313,-0.087,0.664,lean
33860,0.0105,0.4606,0.8615,0.859,1.622,1.291,lean
33880,0.0039,0.4582,0.8745,0.33,-2.461,0.641,lean
33900,-0.0492,0.4133,0.9086,-1.107,-0.68,1.83,lean
33920,-0.023,0.4612,0.9203,1.184,1.335,-1.051,lean
33940,0.0026,0.4326,0.8668,-0.295,2.388,1.477,lean
33960,0.025,0.4747,0.8802,0.419,1.063,-0.615,lean
33980,-0.0125,0.3848,0.8851,-2.991,-1.82,-1.196,lean
34000,0.0045,0.4593,0.8895,-0.771,-1.216,0.355,lean
34020,-0.0614,0.4104,0.9058,-3.36,1.081,1.143,lean
34040,0.0034,0.4873,0.8996,-0.146,5.866,-2.916,lean
34060,-0.0446,0.449,0.95,4.954,0.774,-0.967,lean
34080,-0.0211,0.396,0.8799,-1.855,1.692,-2.788,lean
34100,-0.0321,0.3626,0.8807,-0.047,-1.664,4.235,lean
34120,0.0238,0.4168,0.8573,0.797,0.575,-3.33,lean
34140,-0.0105,0.4988,0.868,0.703,-0.624,-0.175,lean
34160,-0.0418,0.4397,0.8998,-0.845,2.541,-2.661,lean
34180,0.0401,0.4175,0.9166,0.22,2.231,2.333,lean
34200,-0.0755,0.468,0.8795,3.426,-1.68,-1.865,lean
34220,0.0079,0.3954,0.8795,-3.042,-1.935,0.78,lean
34240,0.0162,0.4778,0.8555,-1.713,0.314,-0.707,lean
34260,-0.0467,0.4935,0.871,0.015,2.251,-0.037,lean
34280,-0.0204,0.4541,0.8789,1.387,-0.613,-0.012,lean
34300,0.0158,0.4444,0.875,-0.127,0.937,1.211,lean
34320,-0.0356,0.5026,0.9319,1.217,0.478,0.849,lean
34340,-0.0128,0.451,0.8681,-0.455,-0.317,0.362,lean
34360,-0.0133,0.4374,0.9087,2.238,-1.025,-2.122,lean
34380,-0.0239,0.4497,0.8666,-0.037,0.85,-1.397,lean
34400,0.0371,0.4676,0.8652,1.182,-1.787,-0.397,lean
34420,-0.0011,0.4392,0.8605,-1.138,0.603,-0.054,lean
34440,-0.0544,0.4647,0.841,0.576,-1.54,-2.115,lean
34460,0.0067,0.4603,0.8976,-0.053,0.43,-0.154,lean
34480,-0.0165,0.4507,0.9132,3.685,0.996,-0.726,lean
34500,-0.0441,0.4584,0.9242,-0.228,1.64,1.344,lean
34520,-0.0383,0.4572,0.9207,-0.45,-0.487,-1.283,lean
34540,-0.0361,0.4229,0.8455,2.838,1.368,-0.073,lean
34560,-0.0047,0.4558,0.8919,1.139,1.27,0.449,lean
34580,-0.0448,0.4666,0.8986,1.273,1.409,1.227,lean
34600,-0.009,0.4133,0.9022,0.894,0.835,-0.124,lean
34620,-0.0226,0.4163,0.8329,1.195,-0.475,-0.69,lean
34640,-0.0097,0.4156,0.8854,0.568,-1.212,2.971,lean
34660,0.004,0.4468,0.8507,-3.145,-0.72,-0.206,lean
34680,-0.0379,0.4517,0.9137,-0.769,0.41,0.807,lean
34700,0.0107,0.49,0.9187,-0.107,-2.134,-2.008,lean
34720,-0.0364,0.4336,0.9058,-1.573,0.142,0.889,lean
34740,-0.0506,0.4218,0.8962,0.903,0.025,-0.238,lean
34760,-0.0566,0.4529,0.9199,0.747,1.888,1.554,lean
34780,-0.0769,0.4254,0.8314,1.839,-0.933,1.096,lean
34800,-0.0187,0.4504,0.8629,-0.777,1.278,-0.702,lean
34820,-0.0378,0.4199,0.8497,-0.62,2.595,-1.993,lean
34840,-0.0346,0.5102,0.8855,-0.676,1.279,2.681,lean
34860,-0.0392,0.491,0.8484,1.226,-2.281,0.08,lean
34880,-0.0356,0.4089,0.8778,-1.803,-2.049,-0.787,lean
34900,0.0111,0.4527,0.8455,-1.308,-1.55,-1.129,lean
34920,0.0112,0.4289,0.8878,-0.105,-2.914,0.226,lean
34940,-0.0039,0.4697,0.8631,2.136,0.672,1.902,lean
34960,-0.0046,0.499,0.8488,-1.768,-1.455,0.372,lean
34980,0.0131,0.5012,0.881,-1.76,-0.497,-0.381,lean
35000,0.0132,0.4552,0.7767,1.56,3.13,2.845,lean
35020,0.0246,0.4555,0.8729,-1.625,-3.483,2.208,lean
35040,0.0146,0.4295,0.896,-1.87,1.076,-0.558,lean
35060,0.0313,0.3709,0.9011,1.36,-1.798,-2.135,lean
35080,-0.0109,0.4996,0.9154,1.253,2.425,-1.387,lean
35100,0.0226,0.423,0.911,0.504,0.259,0.523,lean
35120,0.0245,0.4338,0.8635,1.394,-1.528,1.246,lean
35140,-0.0225,0.4908,0.9067,-0.436,-3.993,1.183,lean
35160,0.04,0.4694,0.8695,-2.707,-3.552,-1.925,lean
35180,-0.0044,0.466,0.8847,3.255,-0.291,-1.077,lean
35200,0.0065,0.3957,0.9081,-2.85,-1.553,-1.553,lean
35220,-0.0436,0.4328,0.9153,-0.325,1.21,-1.552,lean
35240,-0.0164,0.4852,0.8125,-0.836,-0.649,0.275,lean
35260,0.0196,0.4882,0.8917,-3.837,1.598,0.259,lean
35280,-0.021,0.4376,0.8543,1.263,0.441,0.363,lean
35300,0.0327,0.4077,0.8824,-0.111,-3.098,2.257,lean
35320,-0.0385,0.4798,0.8848,-0.011,0.752,-0.949,lean
35340,0.0112,0.4364,0.9224,0.62,-0.019,1.305,lean
35360,-0.0087,0.4762,0.8509,2.049,0.127,2.741,lean
35380,0.0663,0.4192,0.8877,1.031,0.834,-1.429,lean
35400,0.0205,0.4534,0.8605,-0.922,-0.139,0.436,lean
35420,0.0196,0.4099,0.8525,-1.063,1.814,-0.709,lean
35440,-0.0082,0.4696,0.8649,1.208,-2.706,-0.719,lean
35460,0.0036,0.4258,0.9393,0.77,0.52,2.079,lean
35480,0.0299,0.4958,0.9053,0.697,-0.139,-1.207,lean
35500,0.033,0.439,0.8638,3.582,-1.461,-0.005,lean
35520,-0.0107,0.4518,0.8984,-1.441,2.874,2.484,lean
35540,0.0296,0.4599,0.8904,2.385,2.447,-0.861,lean
35560,0.0042,0.4643,0.824,-1.06,1.161,1.646,lean
35580,0.0017,0.4265,0.8914,1.17,1.459,0.151,lean
35600,-0.0235,0.4914,0.8796,-3.08,0.62,-1.809,lean
35620,0.0536,0.4593,0.8685,-0.74,-1.47,-0.52,lean
35640,0.0155,0.4855,0.8557,2.284,3.529,1.473,lean
35660,0.0584,0.4234,0.904,0.378,-2.855,-0.286,lean
35680,0.0312,0.3804,0.9393,1.548,1.296,-0.594,lean
35700,0.0102,0.4804,0.8418,1.289,-1.079,-0.185,lean
35720,0.0433,0.4273,0.865,-1.368,-0.659,-2.698,lean
35740,-0.0372,0.4525,0.9058,2.657,-1.211,-0.204,lean
35760,0.017,0.4452,0.9247,0.053,2.364,1.242,lean
35780,-0.02,0.4108,0.887,-0.335,-1.552,0.125,lean
35800,0.022,0.3876,0.8348,-0.165,0.079,-0.181,lean
35820,-0.0644,0.4265,0.9413,1.866,0.417,-0.168,lean
35840,0.063,0.3893,0.8506,-0.868,-0.861,-0.588,lean
35860,0.0261,0.4426,0.9228,1.048,-1.205,2.0,lean
35880,0.0185,0.4292,0.8989,0.352,-0.132,2.665,lean
35900,0.0159,0.4655,0.8914,0.033,-0.585,-0.438,lean
35920,0.0345,0.4109,0.8891,0.716,1.614,-0.451,lean
35940,0.0358,0.4459,0.8934,-1.585,0.995,-1.913,lean
35960,0.0353,0.4788,0.8653,-2.695,-2.203,0.847,lean
35980,-0.0066,0.4632,0.8469,1.375,-0.687,-0.033,lean
